Geneid	baseMean	log2FoldChange	lfcSE	stat	pvalue	padj	Direction
LOC113712194	104.503636877836	-2.44014721673632	0.302088884869197	-8.07758027175642	6.60645411978788e-16	2.32890720630762e-11	Down
LOC113693854	500.871755495208	-2.62902808080532	0.349281361275871	-7.52696356656961	5.193385343573e-14	9.15386100658176e-10	Down
LOC113698731	464.731160420828	-1.44839365351629	0.215339364136777	-6.72609793997683	1.74273285287023e-11	2.04782728431271e-07	Down
LOC113738704	852.056202168939	-1.16443417266056	0.18877511406261	-6.16836693990479	6.89988769020172e-10	6.08087102137477e-06	Down
LOC113738600	4374.64617160362	-1.7730627550536	0.292130389035771	-6.06942249625558	1.2837102393604e-09	9.05067067158655e-06	Down
LOC140009485	1933.89258941291	0.775053333609833	0.129413559878006	5.98896540934697	2.11180067278457e-09	1.24075328861669e-05	Up
LOC113693922	1822.09494813595	-0.950812719960733	0.160891771905458	-5.9096416721636	3.42852703182857e-09	1.72660621322887e-05	Down
LOC113730736	1759.42700284963	-0.70604557089049	0.120273851297027	-5.87031647591335	4.34964032855403e-09	1.91666901077733e-05	Down
LOC113733249	1635.9719945316	-0.58285695568726	0.100347535824915	-5.80838334390416	6.30789570805035e-09	2.22365939500191e-05	Down
LOC113701059	472.196881482798	1.21506589260265	0.208957436658676	5.8148966221643	6.06713689090368e-09	2.22365939500191e-05	Up
LOC113740034	1424.83616664802	-0.856737126584272	0.14792528039494	-5.7916883733254	6.96823451523311e-09	2.2331291193727e-05	Down
LOC113733780	267.636873691328	1.8157687061484	0.316628297897394	5.73470128288033	9.76843548930497e-09	2.86964073224149e-05	Up
LOC113703940	6017.15191833491	-0.674669141411051	0.119270058205659	-5.65665139734994	1.54354824643295e-08	4.18562790640419e-05	Down
LOC113741493	1753.89273982736	-1.64233425713342	0.293657299191879	-5.5926900562424	2.23578201519473e-08	5.28757505573472e-05	Down
LOC140016322	288.023923029908	1.03385126583429	0.184893734207348	5.59159708827603	2.24990428446672e-08	5.28757505573472e-05	Up
LOC113742777	1291.31427930866	-0.777138493796091	0.139642328860747	-5.56520719853549	2.61841099314172e-08	5.76901402063949e-05	Down
LOC113716108	1855.88317314863	-0.555954035031145	0.100182178553065	-5.54943047816298	2.86601690519443e-08	5.94310752599493e-05	Down
LOC113717798	978.35055077187	-0.832662986357138	0.150611846883911	-5.52853579306376	3.22914548200151e-08	6.32410202952874e-05	Down
LOC113694121	3725.68404066016	-1.32236095783012	0.241816884111221	-5.46843932213564	4.54015434963966e-08	8.42365900702617e-05	Down
LOC113699070	903.674124561244	-0.595616808438628	0.109236225076127	-5.45255759271746	4.96504841374783e-08	8.75139433407193e-05	Down
LOC140004291	283.587983601391	1.34843421696933	0.248769041439216	5.42042614775604	5.94571314358867e-08	9.98087046370418e-05	Up
LOC113703629	2782.74511629917	0.531851676704355	0.0992663287424135	5.35782559345433	8.42294874088376e-08	0.000123719078755681	Up
LOC140014005	110.926136884473	2.28133533464813	0.425386425942617	5.36297163124776	8.18638672215928e-08	0.000123719078755681	Up
LOC113714575	1384.58402471868	0.636279859291983	0.118481272685119	5.37029899217059	7.86062059841384e-08	0.000123719078755681	Up
LOC113716386	93.9200169742492	-1.681199457033	0.316296128776003	-5.31527041933418	1.06499047471726e-07	0.000150172176858932	Down
LOC113725302	225.0026882441	-1.6380057277652	0.311409445326228	-5.25997445597466	1.44075414774859e-07	0.000195344096986283	Down
LOC113725404	1710.23242491066	0.74741933388912	0.142813715785103	5.2335262742816	1.66306353860113e-07	0.000216119405032253	Up
LOC113723016	1088.08058822327	-0.881354358668217	0.168594108832267	-5.22766996292302	1.71659575085189e-07	0.000216119405032253	Down
LOC113697124	1465.78032066263	-0.754508872774912	0.145286357917933	-5.19325340374425	2.0665060340971e-07	0.000238852679223847	Down
LOC113716505	874.716498102785	-1.56140501949657	0.300192010184499	-5.20135435495742	1.9784147932339e-07	0.000238852679223847	Down
LOC140016790	109.246721319142	-1.225900186285	0.236194148256834	-5.19022251538586	2.10042921137503e-07	0.000238852679223847	Down
LOC140013106	112.347257272759	-2.08677904294526	0.40352808820087	-5.17133528981628	2.3242709155249e-07	0.000256047494731512	Down
LOC113711780	93.6974624327413	1.71725782665272	0.333463994385812	5.14975486278704	2.60827130541486e-07	0.000278626606237832	Up
LOC113697313	82.4767629354312	-1.43396683096149	0.280526398693349	-5.11170013817129	3.19272332894499e-07	0.000312638563311024	Down
LOC113694981	1470.50895462233	0.750483312270511	0.146604932347746	5.11908637896552	3.07019327602387e-07	0.000312638563311024	Up
LOC140021057	3412.75881326648	1.03230208523598	0.201905110130566	5.11280811351642	3.17404677762764e-07	0.000312638563311024	Up
LOC113722862	14272.8707644264	-1.73890222733241	0.34098594826106	-5.0996301642351	3.40317773182768e-07	0.000324240057844296	Down
LOC113707293	1392.97155052182	0.676317134013216	0.134624454695186	5.02373165072065	5.06770333791296e-07	0.000470122837021336	Up
LOC113701021	4454.25015137797	1.17589404830449	0.235240017137647	4.99869904199349	5.77184070600574e-07	0.000521715201456703	Up
LOC113736608	1090.94396210033	0.704595432796306	0.141349257874869	4.9847833896663	6.20312666969026e-07	0.000546681553399802	Up
LOC113701308	3399.9723593125	0.933309868768651	0.187994999186425	4.96454625286673	6.8861874298914e-07	0.000577995282298934	Up
LOC113706997	5621.66626809019	-0.559999135136118	0.112799772688102	-4.96454134428575	6.88636158418111e-07	0.000577995282298934	Down
LOC113698290	3555.3798260834	0.85060811070496	0.172577411404214	4.92884963207987	8.27152035361362e-07	0.000678110780245552	Up
LOC113712728	414.17270806749	-0.988921899421122	0.200893333714961	-4.92262177710814	8.5392393057835e-07	0.000684148327289727	Down
LOC113720212	1393.0693403347	-0.669961404415848	0.13639423710127	-4.91194803134107	9.01759566450765e-07	0.000706418405256053	Down
LOC113710923	960.515909038241	0.779672970266593	0.159555326539464	4.88653677176831	1.02625167337713e-06	0.000786465738910662	Up
LOC113723085	6310.70690835282	-0.468387826234625	0.0960507249003342	-4.87646320962847	1.08004820682177e-06	0.000798043239753022	Down
LOC113713009	438.655315176677	-2.54201523394971	0.521410886491808	-4.87526305991244	1.08663552445663e-06	0.000798043239753022	Down
LOC113710262	961.317338471482	0.748779823000824	0.154253185121064	4.85422600780109	1.20857839908236e-06	0.000869485831111255	Up
LOC113697314	4514.7025689275	-1.33039406794211	0.275739166135479	-4.82482806700173	1.40124092298092e-06	0.000965569162642617	Down
LOC113698298	1020.79714568794	-1.38675871635661	0.287615407042366	-4.82157312300152	1.42430490347827e-06	0.000965569162642617	Down
LOC113704162	1140.20415264957	0.769562298070098	0.159435856888389	4.82678309063701	1.38756105453541e-06	0.000965569162642617	Up
LOC113705541	683.485039445148	0.65230532050848	0.135396834311169	4.81772948257676	1.45201047395588e-06	0.000965778740148921	Up
LOC113734000	648.741276321896	0.69196472062352	0.144642676400484	4.78395960198926	1.71875242635369e-06	0.00109235100961977	Up
LOC113742657	868.663256546105	0.657027871750314	0.137381461811108	4.78250750202156	1.73121924097104e-06	0.00109235100961977	Up
LOC113706339	843.329542641653	-0.963880567023281	0.201562711258212	-4.78203811114894	1.73526768803777e-06	0.00109235100961977	Down
LOC113703519	82.6125058734445	-2.26827245535747	0.475728359289867	-4.7679992396152	1.86064486029289e-06	0.00115072723886043	Down
LOC113715121	94.1213275732933	1.32282768279469	0.278091289451099	4.75681092135503	1.96675222209544e-06	0.00119537843678118	Up
LOC113722799	991.10767507615	-0.597310510433732	0.125785083078085	-4.7486593466964	2.0476951625031e-06	0.00122348050624677	Down
LOC113690888	681.363663107978	0.611539433648532	0.12902005436722	4.73987890214303	2.13845987415181e-06	0.00125641645806	Up
LOC113729884	3530.59459567635	-1.5059140029047	0.318658477384623	-4.72579300341993	2.29219055432212e-06	0.00130329518420908	Down
LOC113691977	72.0726750124229	2.40625860628983	0.509113971608741	4.72636529436883	2.28574300782331e-06	0.00130329518420908	Up
LOC113731034	560.040362874295	-0.670866081305048	0.142826050382374	-4.69708487708654	2.63900808015172e-06	0.00145359863814857	Down
LOC113705442	177.963168450906	0.802677158982809	0.170832126596937	4.6986311941	2.6191092244765e-06	0.00145359863814857	Up
LOC113709735	291.335572625791	-1.24617607047089	0.265822721559451	-4.6879968091523	2.75892319262223e-06	0.00147359939979271	Down
LOC113700491	5426.49353466717	-1.48840479900736	0.317327384983101	-4.69043917872587	2.72619259231737e-06	0.00147359939979271	Down
LOC113726036	1905.6507505781	0.54377969414501	0.117048211576408	4.6457753332697	3.3880156605814e-06	0.00178260191144501	Up
LOC140010385	666.430223241773	0.813403505382103	0.175252151112731	4.64133250415216	3.46169563030754e-06	0.00179458374058237	Up
LOC113719686	162.266768892144	-1.19970582599822	0.259171213780828	-4.62900878726745	3.67420179130657e-06	0.00187714437024839	Down
LOC113705592	1663.26295811346	-1.21381721143722	0.262412018343471	-4.62561592681497	3.73486834449688e-06	0.00188087969828863	Down
LOC113730975	1090.59001975029	-0.687824512677371	0.149182669181947	-4.61061942683492	4.01470920140063e-06	0.00191629853350635	Down
LOC113699341	1355.39106775459	-1.82358628341098	0.394883575233217	-4.61803528377692	3.8739039458087e-06	0.00191629853350635	Down
LOC113710893	476.677681689263	-2.15317600900347	0.466581232556348	-4.61479343523195	3.93486474588812e-06	0.00191629853350635	Down
LOC113713278	288.517134875694	-2.28270742957939	0.495141831648989	-4.6102092040521	4.0226396085178e-06	0.00191629853350635	Down
LOC113722652	4431.81340010256	-0.512025106947315	0.111297528241384	-4.60050744196966	4.21462961992957e-06	0.0019809883114901	Down
LOC113730275	239.165565920073	-1.29005159839904	0.280630832335641	-4.59697028891006	4.28678719827983e-06	0.00198839239886527	Down
LOC113704937	11370.8780082323	-1.11682568510552	0.243945367679655	-4.57817951506304	4.69040094867322e-06	0.00214735083431985	Down
LOC140014489	1665.99096136541	-0.73482042460143	0.160683972929239	-4.57307851682897	4.80609932801383e-06	0.00217211042963004	Down
LOC113741478	879.094516215959	-0.851286393151119	0.186476588239489	-4.56511136967942	4.99229236231425e-06	0.00222769987792787	Down
LOC113739796	540.604453826209	-0.71170225459932	0.156458504643075	-4.54882434306087	5.39464484133655e-06	0.00234780271539254	Down
LOC140006738	228.3943187055	1.06109284596983	0.233219906422695	4.54975247287285	5.37090573533781e-06	0.00234780271539254	Up
LOC140011451	2295.07218182416	0.626137006651086	0.137987907199083	4.53762231314751	5.68920339158382e-06	0.00241633491518208	Up
LOC113717352	167.598261274182	-1.31358568247664	0.289435893214381	-4.53843394434735	5.66735426679989e-06	0.00241633491518208	Down
LOC113728254	4454.67446379818	-1.05495762822963	0.232950076931135	-4.52868546826667	5.9351771280372e-06	0.00241993033956959	Down
LOC113743418	551.951622274898	-0.968080626843516	0.213507363434729	-4.53417910871944	5.78279435205163e-06	0.00241993033956959	Down
LOC140008315	7049.29158333789	-0.955927602366148	0.211127377191657	-4.52772925558763	5.96209025258523e-06	0.00241993033956959	Down
LOC113691830	1244.61297987025	0.646401404337254	0.142852632680367	4.52495268871648	6.04090178946228e-06	0.00241993033956959	Up
LOC113710424	10535.6203647084	-0.79910469012455	0.176568632054263	-4.52574548960071	6.01829739471011e-06	0.00241993033956959	Down
LOC140003729	325.414421386814	0.887068433278502	0.196193523647836	4.52139508371732	6.14334063894293e-06	0.00243331510341591	Up
LOC113718330	1856.63628624335	-0.773326966735575	0.171736288484137	-4.50299103096668	6.70037126068403e-06	0.00258688344398512	Down
LOC113730694	6852.87737779589	-0.633986086841304	0.140914376580302	-4.49908733393161	6.82458187593942e-06	0.00258688344398512	Down
LOC113741589	1257.4540832903	0.843217170687213	0.187143767907862	4.50571867882002	6.61486765889464e-06	0.00258688344398512	Up
LOC113722885	7323.88459253384	0.532692132999395	0.118368636352352	4.5002810661239	6.786366952955e-06	0.00258688344398512	Up
LOC113701511	704.542682077453	0.545631662544165	0.121462874082816	4.49216821736114	7.05017004479317e-06	0.00264396377041541	Up
LOC113739662	2544.33491211551	0.518372354331823	0.115519260773534	4.4873240259739	7.21233404230631e-06	0.0026763073648356	Up
LOC113732918	567.015374234552	-1.35526640888721	0.303165364760592	-4.47038668139895	7.80783041727002e-06	0.00286710039447503	Down
LOC113726926	574.29335592348	0.600189782680821	0.134946110214261	4.4476256612945	8.68246674480322e-06	0.00309165977462427	Up
LOC113688151	437.068893331744	-2.4657066580377	0.553883848305849	-4.4516673767966	8.5206079756255e-06	0.00309165977462427	Down
LOC113692383	722.15126893296	0.561894189893491	0.126307079130635	4.44863576737724	8.64174175370893e-06	0.00309165977462427	Up
LOC113694252	2351.78135580312	0.649508674063224	0.14656373477941	4.43157835081637	9.35458091930472e-06	0.0032976768656733	Up
LOC113739669	930.57151010961	-0.8809559618158	0.199022137394066	-4.42642197170005	9.58090166597908e-06	0.00331123476008916	Down
LOC113719514	1626.7999631539	0.614338435056204	0.13874479209206	4.4278305930833	9.51856132982267e-06	0.00331123476008916	Up
LOC113707287	383.554806549313	-1.08690858838853	0.245872808053698	-4.42061323085045	9.8421196249937e-06	0.00336848933029396	Down
LOC113736950	431.212823998062	-0.76264139510955	0.172927323004595	-4.41018447437185	1.03282595732611e-05	0.00350088275458269	Down
LOC113701215	1936.09392855171	0.680094198295137	0.154448732711383	4.40336535208755	1.06584445693945e-05	0.00357839512343137	Up
LOC113692478	1093.4443130273	-0.815310198983245	0.185435189273369	-4.39673937928421	1.09889157912701e-05	0.00365454018371559	Down
LOC113692128	1060.93886981932	0.609435480945949	0.139218316938594	4.37755242519386	1.20019497920683e-05	0.00395413770158872	Up
LOC113691569	947.323218424067	0.708370770244296	0.161917005619187	4.37490038514122	1.21487943979829e-05	0.00396545648257123	Up
LOC113703329	1278.06549620477	0.609332994562383	0.139729195168077	4.36081374282182	1.29579635639652e-05	0.00419077184914588	Up
LOC140036989	281.735632844638	-2.27853927313003	0.523653389172614	-4.35123560783247	1.35372489919622e-05	0.00433831910422409	Down
LOC140035030	19.2993881918668	-2.82450327684209	0.651491541286514	-4.33544121120051	1.45468049317265e-05	0.00446148575638217	Down
LOC113739517	630.943266679956	-4.38323001242096	1.0118721446283	-4.33180222984702	1.47893758713051e-05	0.00446148575638217	Down
LOC113687982	3174.8832223834	0.672297576280563	0.154953364573655	4.33870912148537	1.43322067504877e-05	0.00446148575638217	Up
LOC113687978	4969.60054092505	-1.19070374777181	0.274500975949265	-4.33770314897489	1.43979435226244e-05	0.00446148575638217	Down
LOC113696418	42.7471478867102	-1.63786493785141	0.378105804720618	-4.33176353656254	1.47919757336805e-05	0.00446148575638217	Down
LOC113700980	1484.81144133489	-1.36746322064946	0.315763610449738	-4.33065488040817	1.48666534785627e-05	0.00446148575638217	Down
LOC140013119	583.968556869686	0.55684749488595	0.128612327621225	4.32965879076472	1.49340553515572e-05	0.00446148575638217	Up
LOC113715658	317.598623141235	0.529801463162446	0.122289493311179	4.33235471680555	1.47523009030639e-05	0.00446148575638217	Up
LOC113740343	59.6491752414643	-1.88212666064363	0.436634425283583	-4.31053199577938	1.62862261180905e-05	0.00478435035929105	Down
LOC113698724	2349.60359163779	-0.483023335153726	0.112021410379994	-4.31188407211833	1.61869301835865e-05	0.00478435035929105	Down
LOC113712452	1501.44682364461	0.598565444509375	0.139108199729963	4.30287679426024	1.68594612775028e-05	0.00479478286097559	Up
LOC113725689	6697.54266303619	-0.600869758468177	0.139646429100545	-4.30279357902915	1.68657969692776e-05	0.00479478286097559	Down
LOC113743431	1821.50838894966	-0.421359869117833	0.0978074418595684	-4.30805530854002	1.64696206386277e-05	0.00479478286097559	Down
LOC113696581	102.97091167542	-1.59135393108297	0.369597267502153	-4.305643117542	1.66501302184786e-05	0.00479478286097559	Down
LOC113697169	4534.10200691442	0.587081088393838	0.136504243343463	4.30082665574477	1.70162133652719e-05	0.00479884442842053	Up
LOC113726170	2740.6213367005	0.749649145622582	0.174703753770966	4.29097331592178	1.77891692188102e-05	0.00493782514410627	Up
LOC113709534	1084.1860286765	-0.871196468636337	0.203028410313973	-4.29100768355068	1.77864159763494e-05	0.00493782514410627	Down
LOC113694181	391.917000318428	0.514137963257316	0.119920940783304	4.2873076203293	1.80851765076567e-05	0.00498077064256183	Up
LOC140012948	2668.66008998626	-0.967888735948628	0.225943339720375	-4.28376750182801	1.83754932033659e-05	0.00502149524345005	Down
LOC113709074	161.645402103919	1.30717209736162	0.305443484164006	4.27958743641015	1.87240069749118e-05	0.00507737456830456	Up
LOC140008357	4760.5570462238	0.596215181126424	0.139431448181572	4.27604524590474	1.90242575114112e-05	0.00511941317398679	Up
LOC113733229	2873.94797005453	0.507701252636914	0.118806051036931	4.27336190543943	1.92547553575691e-05	0.00513249299520544	Up
LOC113714675	2804.3991208268	-0.56818965517569	0.133000076841668	-4.27210020225852	1.93640522058982e-05	0.00513249299520544	Down
LOC113700417	1160.64030242431	1.24916907105145	0.292660910581469	4.26831539808154	1.96954721593299e-05	0.00514299840415332	Up
LOC113706902	3574.35942861341	0.498458492145331	0.116744777567108	4.26964274148199	1.95786317685553e-05	0.00514299840415332	Up
LOC113709139	329.773232723433	-1.88771081596976	0.444681512394005	-4.24508499534196	2.18510577609177e-05	0.00566392270726375	Down
LOC140010134	380.163045297067	2.51277605131593	0.59274525540076	4.23921748579333	2.24300275437456e-05	0.00577155716038044	Up
LOC113727822	2095.56984395405	-1.1225769839239	0.265068143330127	-4.23505054142172	2.28500306674152e-05	0.00583702377599798	Down
LOC113697844	102.600644838554	1.49355868839511	0.353237118404849	4.22820425877024	2.35563891138808e-05	0.00597417143196061	Up
LOC113699340	1168.03263452721	-1.97324595817493	0.467373711501808	-4.22198747942907	2.42157564357847e-05	0.00609752747053059	Down
LOC113742108	1274.27279325545	0.779725542462969	0.184843564235521	4.21829965077644	2.46151553568498e-05	0.00615413799035227	Up
LOC113742330	101.124479665553	-2.24222375414652	0.533023583657224	-4.20661265822798	2.59226885040759e-05	0.0063972398145053	Down
LOC113738141	8918.44026906047	-0.774921881937108	0.18426121422711	-4.20556157294168	2.60434670654971e-05	0.0063972398145053	Down
LOC113696138	364.789998271794	-0.912311221626267	0.216969265476661	-4.20479471883728	2.61319225374096e-05	0.0063972398145053	Down
LOC113731682	306.217605556486	-1.12883021260409	0.268569981349785	-4.2031138660054	2.6326806949506e-05	0.00640050067988955	Down
LOC113726861	443.43806503648	0.518973317733335	0.123995122278369	4.18543333154863	2.84622599445232e-05	0.00641985237392387	Up
LOC113731055	1243.65433183007	0.644889810781728	0.153993849891349	4.18776341546582	2.81716958298299e-05	0.00641985237392387	Up
LOC113738872	432.36619442398	-0.722585036181395	0.172621887112918	-4.18594100821484	2.83987103687085e-05	0.00641985237392387	Down
LOC140006474	347.264746256666	0.761363958766526	0.181952866884876	4.18440210259645	2.85917628136289e-05	0.00641985237392387	Up
LOC113743408	983.834379340466	0.488442011080071	0.116482155497006	4.19327757969439	2.74952656315019e-05	0.00641985237392387	Up
LOC140006697	34.4072111428278	-1.97009721682173	0.47073688370902	-4.18513459429604	2.84997182138657e-05	0.00641985237392387	Down
LOC140007839	2646.73331258784	0.625866837792584	0.149290546464269	4.19227374147485	2.76172468277594e-05	0.00641985237392387	Up
LOC140008207	424.406805517508	-0.703943410244991	0.167748063718397	-4.19643240369509	2.71152339591285e-05	0.00641985237392387	Down
LOC113695950	610.942405989997	0.825638147256948	0.197181569091471	4.18719736870509	2.8242022058178e-05	0.00641985237392387	Up
LOC113706388	4065.05123386142	-1.37625482176099	0.328475505046503	-4.18982481377462	2.79169901680968e-05	0.00641985237392387	Down
LOC113707177	2181.09810205261	-0.978342577827242	0.233522455354342	-4.18950107535793	2.79568457328471e-05	0.00641985237392387	Down
LOC113712766	281.618997448171	-1.16632517379126	0.277727839403896	-4.19952560857641	2.67474779512693e-05	0.00641985237392387	Down
LOC113687724	104.159683600454	-2.38457616072845	0.570336316581618	-4.18100003699695	2.90229816994055e-05	0.00643470535136756	Down
LOC113703656	1102.31191056447	-1.3047064232427	0.312035850230213	-4.18127090935262	2.89884228119476e-05	0.00643470535136756	Down
LOC113730200	890.515487888994	0.530577938195018	0.127248888556561	4.16960764226384	3.05124477769597e-05	0.00672265505645865	Up
LOC140003830	535.098957243927	-1.91709536227878	0.460151884859933	-4.16622299148536	3.09687789074042e-05	0.00678081611207337	Down
LOC113726021	1183.33317124625	-0.658559246062151	0.158266594193061	-4.16107549050314	3.16752350268247e-05	0.00683614573246146	Down
LOC113734643	71.2764673979987	1.00397219524196	0.24133050884037	4.16015447058972	3.18032423727357e-05	0.00683614573246146	Up
LOC113688979	3633.95614534382	-1.12874180234463	0.2712076966338	-4.16190918013924	3.15597874710172e-05	0.00683614573246146	Down
LOC113695663	808.79491146981	-0.476321739154046	0.114708133688791	-4.15246699459282	3.2891020345968e-05	0.00702711666203674	Down
LOC113711332	24072.1353937969	-1.06693011122048	0.257445382269234	-4.14429694491353	3.40857829562066e-05	0.00721977605161601	Down
LOC113728442	27.1576425658004	-2.09930324615274	0.506648015635168	-4.14351419796033	3.42023885345476e-05	0.00721977605161601	Down
LOC113732736	1972.92091178368	-1.07170471881049	0.259267929229111	-4.13357996878757	3.57155944872346e-05	0.00743194006481517	Down
LOC113689779	678.001494694561	0.529561084590319	0.128069735249936	4.13494322883427	3.55042393375901e-05	0.00743194006481517	Up
LOC113713654	85.230200691016	1.514911118233	0.366639791742999	4.13187862406079	3.59810412702544e-05	0.00743194006481517	Up
LOC113717034	3862.70700015946	1.35957861107239	0.329081552674512	4.13143368269301	3.60507701998013e-05	0.00743194006481517	Up
LOC113705432	1158.53131684646	0.80696223015154	0.195534071991191	4.12696478896985	3.6758265003784e-05	0.00753373463903135	Up
LOC113731525	131.817668086846	-1.43151777407086	0.347465250498533	-4.11988759168567	3.79057281142184e-05	0.00769467012677718	Down
LOC113734328	361.552857760441	0.772593786771529	0.187608575925818	4.11811551235813	3.81983227103712e-05	0.00769467012677718	Up
LOC113742041	427.797241199213	0.53369815110932	0.129588569633865	4.11840452145751	3.8150457479498e-05	0.00769467012677718	Up
LOC113741439	2436.23041075065	0.534917130045196	0.130318351764581	4.10469533110363	4.04848075500281e-05	0.0080945103119557	Up
LOC113712922	290.313961691285	1.38625318530133	0.337797726436444	4.10379667123708	4.06424692277363e-05	0.0080945103119557	Up
LOC113696004	1498.80446488286	-0.695008058013588	0.169672419412562	-4.09617579816352	4.2003101586957e-05	0.00831850189406409	Down
LOC113694152	2348.90274195672	-0.625499718492217	0.152924658429539	-4.09024760895849	4.30912905091248e-05	0.00847112394521253	Down
LOC113723435	841.838911047398	-0.586549046880527	0.1434776605413	-4.08808621960829	4.34946509157911e-05	0.00847112394521253	Down
LOC113706906	2822.76324417642	0.495936096967974	0.12128061531709	4.08916211112006	4.32934214632881e-05	0.00847112394521253	Up
LOC113731886	13925.0501515518	0.701444430722164	0.171959899116117	4.07911631913968	4.52072144563957e-05	0.0085221642995554	Up
LOC113729276	99.6245348716649	1.63437297593166	0.400254598551383	4.08333341289981	4.43942569736398e-05	0.0085221642995554	Up
LOC113695701	745.759168091829	0.587379807617514	0.143787590504083	4.08505216311303	4.40669157326861e-05	0.0085221642995554	Up
LOC113702771	1272.08179579702	-0.628399941418134	0.15400723829057	-4.08032731703501	4.49723285641349e-05	0.0085221642995554	Down
LOC113705061	532.525239750588	-0.666206503882954	0.163198537290068	-4.08218428268657	4.4614397364415e-05	0.0085221642995554	Down
LOC113712913	383.290235295883	-0.628719091369012	0.154065928697605	-4.08084445849828	4.48723765744614e-05	0.0085221642995554	Down
LOC113726989	1350.94328056692	0.729828522498114	0.178992973069301	4.07741438104135	4.55392907088646e-05	0.00853910146845156	Up
LOC113736880	1081.88576934743	-0.527709901226585	0.129597274913394	-4.07192127750554	4.66269391655154e-05	0.00863111819165602	Down
LOC113691486	1282.84603958353	-0.637926496946679	0.15673798005402	-4.07001861786669	4.70093808237251e-05	0.00863111819165602	Down
LOC113692640	2290.13315591115	-0.611928041278449	0.150324016028779	-4.07072706972716	4.68666331118855e-05	0.00863111819165602	Down
LOC113695380	13202.6381986538	-0.696674213264923	0.171100581498684	-4.07172323531982	4.66666083935665e-05	0.00863111819165602	Down
LOC113743663	1323.72338839537	0.73483344257697	0.180788903653953	4.06459372077123	4.81162020852738e-05	0.00874987558082401	Up
LOC113707905	798.881326454844	0.899839428574299	0.221394449903299	4.06441728312219	4.81526115590565e-05	0.00874987558082401	Up
LOC140015325	454.288569383677	1.09684326833705	0.270498978840205	4.05488875795352	5.01581671299673e-05	0.00906756773161849	Up
LOC113691339	1093.46750153138	0.674040621116688	0.166394499880839	4.05085878198734	5.10299994905729e-05	0.00917810990837589	Up
LOC113712443	38.4365225004664	-2.56352904625773	0.633607048912469	-4.04592886183606	5.2116059018078e-05	0.00932465590539553	Down
LOC113734243	1248.14886875657	-1.57882954498358	0.390338221117944	-4.04477312127351	5.23738190533392e-05	0.00932465590539553	Down
LOC113735996	570.758450896811	-0.836731436242037	0.206962948449918	-4.04290450299858	5.27931265516851e-05	0.00935207687035178	Down
LOC113730315	1513.03253825364	0.716692249882261	0.17740493814189	4.03986640613716	5.3481656071517e-05	0.00942667669916558	Up
LOC113704110	479.253161440221	0.767960256673847	0.190816722415043	4.02459620390851	5.70731594616385e-05	0.00993625155509522	Up
LOC113704121	21.1425155928069	2.90156871006451	0.720934356987781	4.02473357239887	5.70398558038987e-05	0.00993625155509522	Up
LOC113713248	296.153268427068	-1.44936387960322	0.36018002697221	-4.02399847594839	5.72182873506278e-05	0.00993625155509522	Down
LOC140035104	214.533387930224	0.747454717569942	0.185920936401285	4.0202826644368	5.81283538290145e-05	0.0100448074959824	Up
LOC113741169	1173.04292212485	0.682530001000626	0.170232654347042	4.00939528093826	6.08744415448146e-05	0.0102696860910091	Up
LOC113694217	539.573933814669	0.514339173824267	0.128229307490049	4.0110890707585	6.04393013051344e-05	0.0102696860910091	Up
LOC113695479	185.937270753815	0.993517663494652	0.247629560579475	4.01211253280801	6.01777997020279e-05	0.0102696860910091	Up
LOC113707070	250.495606152519	0.760181135525671	0.189421050785595	4.01318191601692	5.9905709647836e-05	0.0102696860910091	Up
LOC113710568	4764.40623378038	0.41168419922444	0.102681052807372	4.00934922236093	6.08863154720554e-05	0.0102696860910091	Up
LOC113722839	582.387775681715	0.642705857226895	0.160348345390547	4.00818515252846	6.11871424320386e-05	0.0102712816429249	Up
LOC113699337	356.542801008964	0.824211352196828	0.205855418954933	4.00383607281802	6.23235585261427e-05	0.0104124648585952	Up
LOC113711801	902.549677656061	0.614717875606438	0.153686852984061	3.99980781485708	6.33939438052688e-05	0.0105413363538837	Up
LOC113698445	242.120688879777	-1.49542327170665	0.374743565566762	-3.99052421205678	6.59274181494134e-05	0.0109111424629254	Down
LOC113731223	946.942341322887	0.522859916216129	0.131075015472139	3.98901281325629	6.63488380869692e-05	0.0109295758889806	Up
LOC113705738	616.951307560727	0.722608797292708	0.181359549017002	3.98439895340149	6.76511355998833e-05	0.0110096242186587	Up
LOC113690060	223.756036767966	-1.09283486174275	0.274290059855979	-3.98423064370819	6.76990965639686e-05	0.0110096242186587	Down
LOC113723044	1042.32925529975	-0.576703882018689	0.14477411369802	-3.98347375292255	6.7915175564222e-05	0.0110096242186587	Down
LOC113717195	2420.02139018082	0.458360388623635	0.11508253875747	3.98288388119073	6.80840258614432e-05	0.0110096242186587	Up
LOC113697948	174.05537235941	-0.971442718686584	0.244603431986442	-3.97150077084949	7.14212695904384e-05	0.0112635305145837	Down
LOC113731184	148.620471627916	-2.4878599839122	0.626416266301883	-3.97157627882103	7.13986312932809e-05	0.0112635305145837	Down
LOC113743676	283.465797882113	-0.862015964051228	0.217077751019809	-3.97100098928409	7.15712820624858e-05	0.0112635305145837	Down
LOC113704173	370.34131754872	1.00612139866881	0.253036149020759	3.97619629670487	7.00263294006405e-05	0.0112635305145837	Up
LOC113708013	34.9086488296777	2.50118676347836	0.629380487704505	3.97404560888241	7.06620228642658e-05	0.0112635305145837	Up
LOC113708795	650.951724758891	-1.34149188967219	0.337693576291989	-3.97251231250032	7.1118558938299e-05	0.0112635305145837	Down
LOC113727219	1612.80861073904	0.599239605617966	0.151219002359962	3.96272688131836	7.40985335331739e-05	0.0115113640744143	Up
LOC140036651	1889.9671888763	0.527306805485881	0.133110176310999	3.96143120007503	7.45018500618187e-05	0.0115113640744143	Up
LOC113729607	24.9237768386092	-3.02448434562277	0.763653515477776	-3.96054530532806	7.47788032747329e-05	0.0115113640744143	Down
LOC113734691	730.775766963643	-0.545839478497303	0.137755927881374	-3.96236653400021	7.4210493810281e-05	0.0115113640744143	Down
LOC113695978	2970.93787834244	0.55554950798234	0.140172915189083	3.96331564648524	7.39159472627793e-05	0.0115113640744143	Up
LOC113735036	112.5730292051	1.00194558149542	0.253201803246983	3.95710286675202	7.58642669080336e-05	0.0116242033644333	Up
LOC113688498	1734.00454396035	-0.363231605503438	0.091814705528732	-3.95613756436621	7.61713087820291e-05	0.0116242033644333	Down
LOC113729325	1179.96325695199	0.567179858149964	0.143411765679612	3.95490464441439	7.65651830848108e-05	0.0116339475608006	Up
LOC113703842	694.429169962096	0.729025202401089	0.18449154285759	3.95153724181182	7.76507850407447e-05	0.0116549014918712	Up
LOC140005114	2275.50376024648	0.633884679345131	0.160454902739672	3.95054727853077	7.79726927556264e-05	0.0116549014918712	Up
LOC113698548	393.976871882973	-1.40852978882523	0.35655505895311	-3.95038509048463	7.80255518007945e-05	0.0116549014918712	Down
LOC113712265	2958.8661724419	0.599257631855621	0.151676300835722	3.95089825209192	7.78584221106567e-05	0.0116549014918712	Up
LOC113742837	1880.60877443985	-0.924037014820125	0.234178666312644	-3.94586334173786	7.95129564438748e-05	0.0117279947303744	Down
LOC113718813	113.298101015361	-1.1186243573301	0.28347773885295	-3.94607478476598	7.94428101045957e-05	0.0117279947303744	Down
LOC113719277	4841.81567656983	-0.458396374078826	0.116168196512027	-3.94597134019694	7.94771205841003e-05	0.0117279947303744	Down
LOC113695570	4791.9791843626	-0.856633588188485	0.217266634606174	-3.94277561182486	8.05440065535909e-05	0.0117821431751317	Down
LOC113723029	470.071576336794	-0.985816453598925	0.250031934684284	-3.94276217093515	8.05485222173703e-05	0.0117821431751317	Down
LOC113731703	2349.68160925805	0.485998878814849	0.123311278773068	3.94123622470287	8.10627449358143e-05	0.0118083631589972	Up
LOC113731992	722.745526002397	0.420933099679116	0.106957540473653	3.93551588616423	8.30181722065723e-05	0.0120434428256218	Up
LOC113724065	9895.77947756825	0.441687264369706	0.112325937546178	3.93219299138389	8.41744447862096e-05	0.0121352265584903	Up
LOC113725736	1947.11972909265	-0.731633351671124	0.186107005275528	-3.93125100577462	8.4504987377918e-05	0.0121352265584903	Down
LOC113727421	1910.06159146892	0.533896705895199	0.135825883348721	3.93074348373253	8.46835848572736e-05	0.0121352265584903	Up
LOC140016209	1137.45570774949	0.661823961196348	0.1684780097785	3.92825130155831	8.55657742509073e-05	0.0122120027283117	Up
LOC113702654	887.696368106914	-0.436270052241504	0.111180332298757	-3.92398586351753	8.7095848362413e-05	0.0123802534131927	Down
LOC113711888	1445.26931805651	-0.447737378796216	0.114198894223577	-3.92068050956466	8.82992656209788e-05	0.0125009064725733	Down
LOC140011176	644.800321703977	-1.06814303884861	0.272648756740689	-3.91765233635192	8.9415539477598e-05	0.0126083063906571	Down
LOC140036593	4743.42988721312	-1.8315174903872	0.468361439058638	-3.91047882607155	9.2113335243362e-05	0.012729360620591	Down
LOC113716494	738.775510606501	0.422223925289477	0.107980494590391	3.91018699155922	9.22246986905187e-05	0.012729360620591	Up
LOC113732132	53.5231385101196	-8.07562373985328	2.0663686329469	-3.90812346407739	9.30157725433158e-05	0.012729360620591	Down
LOC113734399	1540.06864215069	0.430076755330684	0.110057619196204	3.90774176719168	9.31628004116783e-05	0.012729360620591	Up
LOC113743388	2406.33402169031	0.537346054230354	0.137447007117203	3.90947802720908	9.24957679459162e-05	0.012729360620591	Up
LOC113691858	179.327215899086	-0.667686532646141	0.170587465948625	-3.91404215387798	9.07637797022071e-05	0.012729360620591	Down
LOC113712295	2268.09626038502	-0.415907168461298	0.10635199437876	-3.91066637622323	9.20418335453278e-05	0.012729360620591	Down
LOC113719548	31.9569726639634	-1.41868729216692	0.362956364026433	-3.90869931698897	9.27943713099505e-05	0.012729360620591	Down
LOC113702507	7068.08990162635	0.363019348900989	0.0930107082902931	3.90298445817636	9.5013805940074e-05	0.0128330524406111	Up
LOC113730922	449.504747933041	-0.482982980774369	0.123688354425276	-3.90483795356946	9.42885438085894e-05	0.0128330524406111	Down
LOC140036417	174.819244564412	-1.31390487962509	0.336628123953621	-3.90313460501627	9.49548588163441e-05	0.0128330524406111	Down
LOC113689688	3170.47689268042	0.563333468706592	0.144391914112047	3.90141977250506	9.5630155911084e-05	0.0128670009777768	Up
LOC140005958	2297.20760608558	-1.12260028036432	0.287949691645714	-3.89859865432861	9.67509820405904e-05	0.0129683103380034	Down
LOC113695359	107.372441667924	0.778285108007209	0.19988099520734	3.89374241007695	9.8709466234418e-05	0.0131309664290404	Up
LOC113717242	3886.80717400253	-0.426849413979208	0.10962225019228	-3.89382094629971	9.86774975757578e-05	0.0131309664290404	Down
LOC113710041	1415.50351351944	-1.65511237181102	0.425370393012358	-3.8909910021945	9.98356354967382e-05	0.0132250527360386	Down
LOC113732139	2815.10889559647	0.623635280208564	0.160318132209987	3.88998593990428	0.00010025003025775	0.0132250527360386	Up
LOC113698300	2078.04697103319	0.530458770984533	0.136389979678837	3.88927963941064	0.000100542214151207	0.0132250527360386	Up
LOC113689826	2202.60922147345	-1.18234167620179	0.304360487106434	-3.88467533168432	0.00010246672480506	0.0133783591956592	Down
LOC113694990	683.684233364408	0.539727956545991	0.138909923775451	3.88545283070247	0.000102139323973426	0.0133783591956592	Up
LOC113704981	879.421024996741	0.441926281155305	0.113848673983331	3.88169897543126	0.000103729229633712	0.0134932206754525	Up
LOC113697987	2020.51300484276	-1.43425503689236	0.369994552018046	-3.87642204208025	0.000106003752118086	0.0137383980502455	Down
LOC113694814	1813.9417474992	0.523262800076648	0.135124557885614	3.87244782343415	0.000107747746815144	0.0139132731528478	Up
LOC113695167	1330.62221978918	0.532613296853338	0.138139420505653	3.85562133461783	0.00011543605692192	0.0148354407880477	Up
LOC113713854	1499.27420516681	-0.357067522146772	0.0926245846746065	-3.85499728178175	0.000115730915032143	0.0148354407880477	Down
LOC113695203	1893.40991826051	-0.553272540913682	0.143584048072246	-3.8533008947853	0.000116536033122208	0.0148713373886517	Down
LOC113711646	91.1849783620712	1.39000030491703	0.36079233337748	3.85263259866096	0.000116854659498937	0.0148713373886517	Up
LOC113725871	23.8459159489465	-4.11199426319172	1.0678401672878	-3.85075818381674	0.000117752721460051	0.0149317227946393	Down
LOC113714465	708.539934813889	0.858672970883655	0.223127006740069	3.84835965591544	0.000118911388771005	0.014940545056891	Up
LOC113698633	14.1203192433055	-2.16489549222307	0.562361090813094	-3.84965376799619	0.000118284907647982	0.014940545056891	Down
LOC113708818	2675.16860461053	0.971999079348167	0.252599554035197	3.84798414653071	0.000119093758112628	0.014940545056891	Up
LOC113741456	3085.24665870197	-1.32588697657783	0.344767905838684	-3.84573782571923	0.000120190222474957	0.015024630222295	Down
LOC113701098	488.175743952112	0.501398819719444	0.130497959732305	3.84219661937997	0.000121938090131995	0.0151892634393395	Up
LOC113706170	40.5388321588233	-4.21476435264571	1.09837325763204	-3.83727874232138	0.000124405236071474	0.0154420189506746	Down
LOC140009327	40.8200781918019	1.24794464962343	0.325373744108831	3.8354190287893	0.000125350398936984	0.015504744783602	Up
LOC113688023	1870.042551938	-0.408402564654287	0.106591068812979	-3.83148953474571	0.000127369793101425	0.0156994403720679	Down
LOC113697003	2179.83812051386	0.715689931429035	0.187006134004461	3.82709334770785	0.000129665351307691	0.0159267002240374	Up
LOC113690219	2653.20051914957	-0.380502595752882	0.099461506705758	-3.82562670077522	0.000130439825012046	0.0159595887902303	Down
LOC113697264	2568.92864562215	0.748760108527506	0.195760685049716	3.82487478697445	0.000130838566900504	0.0159595887902303	Up
LOC140008418	690.701996959822	0.645004490970169	0.16877962212697	3.82157800119343	0.000132600458582037	0.0161187288480482	Up
LOC140007592	918.487303197148	0.774856773170152	0.202968539179601	3.81762009177444	0.000134745202843034	0.016323154263308	Up
LOC113728114	2116.3072062608	0.432878836143486	0.113681426552576	3.80782375160717	0.000140195132450451	0.0169252014011756	Up
LOC113690315	838.816387183235	0.532413080162305	0.139857479081289	3.80682594638254	0.000140761736834517	0.0169356066446772	Up
LOC113727830	305.680109725801	-2.03409742796837	0.53507009989007	-3.80155315796244	0.000143791879772396	0.0170669421712278	Down
LOC113693632	1311.72426083207	-0.516689089991785	0.135933372421457	-3.80104665092694	0.000144086168632502	0.0170669421712278	Down
LOC113722954	269.698713941872	-0.921867782784152	0.242550585722383	-3.80072379556856	0.000144274048763925	0.0170669421712278	Down
LOC113706877	701.604630377297	-0.747508515721249	0.196665997158132	-3.80090369724769	0.000144169329629949	0.0170669421712278	Down
LOC113708947	1881.74541468855	0.812623871683668	0.21372635448684	3.80216971198891	0.0001434344156833	0.0170669421712278	Up
LOC113732639	239.479600317226	0.713623884503251	0.187836655721204	3.79917264691107	0.000145179934370888	0.0171166657071657	Up
LOC113688877	2458.53233670037	0.47436934047749	0.124932418011797	3.79700759840169	0.000146453301947148	0.0171520657815311	Up
LOC113717353	52.0369876896916	-1.3508426990149	0.355691627599728	-3.79779166614246	0.000145990944768116	0.0171520657815311	Down
LOC113709680	1682.67989870375	0.562279145650491	0.148314161620948	3.7911359205706	0.000149959854355417	0.0175045853832357	Up
LOC113727134	100.549832644248	1.58889664817613	0.419345500864234	3.78899176192794	0.000151259929102175	0.0175722579606695	Up
LOC113731642	1364.90122854616	-0.415940310699809	0.109789141467299	-3.78853778379984	0.000151536548849527	0.0175722579606695	Down
LOC113712119	316.130188659577	-0.627376488077744	0.165861865732247	-3.78252400157204	0.000155246118292761	0.0178357803544983	Down
LOC113695993	1244.58505180133	-0.313946909496074	0.0829940034133342	-3.78276618290755	0.000155095092780517	0.0178357803544983	Down
LOC113713847	150.877792768716	0.802244192863722	0.212099554483093	3.78239452137874	0.000155326919574236	0.0178357803544983	Up
LOC113743796	2100.95049708592	0.552518539986996	0.146152611402593	3.78042194856871	0.000156562796337937	0.0179193236899512	Up
LOC113693755	8032.45599782764	0.446990193704005	0.118330271411576	3.77747966240425	0.000158423437255524	0.0180736019745363	Up
LOC140015479	2249.27875803739	0.61741143635095	0.163569682635376	3.77460802273036	0.000160259453450569	0.0181735734711015	Up
LOC113692819	3161.32149300495	0.495749347968179	0.131466591427367	3.77091504834573	0.00016265004021527	0.0181735734711015	Up
LOC140008621	625.266584261811	-0.901980400518576	0.239471262565761	-3.76654965132146	0.000165519178654346	0.0181735734711015	Down
LOC140009313	943.84675360089	-0.980847896068366	0.260168659172701	-3.77004631990388	0.000163217251930044	0.0181735734711015	Down
LOC113696045	7951.11435644311	-0.628353352959796	0.166856867132917	-3.76582255052923	0.000166001663953667	0.0181735734711015	Down
LOC113698195	855.79676676981	1.07876861516141	0.286151808007412	3.76991717324206	0.000163301733332653	0.0181735734711015	Up
LOC113699115	3300.71456155905	0.36901897211505	0.0979746606325882	3.76647359360495	0.000165569586735785	0.0181735734711015	Up
LOC140011106	966.308729858765	0.637436048613046	0.169205429741221	3.76723164018984	0.000165067827816032	0.0181735734711015	Up
LOC113705392	547.113470064675	0.833054398749174	0.221120661136746	3.7674199890077	0.000164943379847266	0.0181735734711015	Up
LOC113722456	726.541130892428	1.04683294114363	0.277903537098274	3.76689318917678	0.000165291675029277	0.0181735734711015	Up
LOC113707851	610.353561697499	0.936117889322013	0.248252268023731	3.77083318019285	0.000162703414453461	0.0181735734711015	Up
LOC113713517	481.967890748669	0.949649539913938	0.251918848680597	3.76966449667281	0.000163467140940846	0.0181735734711015	Up
LOC140004114	6837.13096856822	0.410425861073477	0.10873987806161	3.77438220816228	0.000160404676587285	0.0181735734711015	Up
LOC113737083	170.535919898883	0.745252945163057	0.198415694609106	3.75601812463103	0.000172638196274375	0.0188416151549977	Up
LOC113690741	1769.25061435347	-0.419013682714133	0.111626190651898	-3.75372195599516	0.000174228117096506	0.0188981217965724	Down
LOC113709388	344.06259690397	-2.15650564737286	0.574491562782055	-3.75376382714774	0.000174199001669054	0.0188981217965724	Down
LOC140005880	96.9754108549188	2.35802858191094	0.628349063034917	3.7527366883014	0.000174914552865562	0.0189143798086405	Up
LOC113735047	898.000474832258	-0.601928175599808	0.160746392699511	-3.74458278964314	0.000180693787981757	0.0190143803400982	Down
LOC140004319	1677.13843438213	-0.562285358191109	0.150110553947712	-3.74580829531126	0.000179813869961873	0.0190143803400982	Down
LOC113703412	24.0910972367332	-2.841468372708	0.758575375648805	-3.74579569008248	0.000179822900024943	0.0190143803400982	Down
LOC113708886	631.241132203419	0.573645324863987	0.153044157122317	3.7482340760354	0.00017808401656832	0.0190143803400982	Up
LOC113710251	3366.03725184519	0.487059665157671	0.130057799658364	3.74494775735927	0.000180431317290747	0.0190143803400982	Up
LOC113711535	100.498333028341	1.38887512930139	0.370872798083862	3.74488271039856	0.000180478070287511	0.0190143803400982	Up
LOC113713437	582.967984602651	-1.54962423633246	0.413462802458479	-3.74791692775815	0.000178309286282314	0.0190143803400982	Down
LOC113716740	1551.95824660175	-0.453340180349292	0.120963122769056	-3.747755265998	0.000178424217344366	0.0190143803400982	Down
LOC113719591	774.629987218858	0.48251307669338	0.12870889412657	3.74887128016875	0.000177632220626548	0.0190143803400982	Up
LOC113720772	17.1871617281423	-2.67529467630104	0.714966088602729	-3.74184834630326	0.000182671744932772	0.0190698281703653	Down
LOC113739943	343.712743833813	0.618698560147986	0.165328481053146	3.74223821695368	0.000182388493469357	0.0190698281703653	Up
LOC113688145	687.227465019594	0.715672057532348	0.191273717661792	3.74161210583981	0.000182843581118333	0.0190698281703653	Up
LOC113719475	144.007722676684	-0.684833156444487	0.183083396200829	-3.74055305208167	0.000183615783146103	0.0190938748892815	Down
LOC113712253	419.695149224599	-0.695054520791636	0.186176017727143	-3.73331930329662	0.000188972780381714	0.0195931425118123	Down
LOC113695799	3243.28905299437	-1.82990626375586	0.49089660735596	-3.72768162650787	0.000193249286019254	0.0199777824948702	Down
LOC113734638	952.092959079891	0.50028145927573	0.134238955112432	3.72679792431876	0.000193927814388328	0.0199893079322145	Up
LOC113712497	243.957089227865	-1.87702028313238	0.50390640600489	-3.72493832339604	0.000195362981148061	0.0200785300624823	Down
LOC140005305	3148.45147013881	-2.55413178402789	0.685869508959434	-3.72393254207041	0.000196143356308867	0.0201001325482563	Down
LOC113692178	2586.396554395	-0.359239650400127	0.0965905964735098	-3.71919900607145	0.000199855548203793	0.0203132083553853	Down
LOC113705388	610.374967387844	0.869895432611645	0.233946563225772	3.71835097988657	0.00020052753057058	0.0203132083553853	Up
LOC140016654	435.91257403154	1.2740651517808	0.342471257146899	3.72021045618524	0.000199056834018332	0.0203132083553853	Up
LOC113719543	6932.84649424141	0.566988924034426	0.152457263544991	3.71900236729031	0.000200011177587553	0.0203132083553853	Up
LOC113694681	2573.75899711667	0.43830698483486	0.117900063122162	3.71761450526712	0.00020111284029663	0.0203141256336298	Up
LOC113735797	39.6153465398819	-3.54287398432745	0.953421522083608	-3.71595763496596	0.000202435502476747	0.020389303809458	Down
LOC113742216	2624.17053582459	0.568884308861033	0.153161005609967	3.71428946026725	0.000203775441298633	0.0204553162818416	Up
LOC113708959	1078.16370445774	1.12501366624775	0.302936118136452	3.71369935406977	0.000204251427754687	0.0204553162818416	Up
LOC113701545	43.0149048730061	-1.57554113557965	0.424889125155769	-3.7081229956216	0.000208801238122156	0.020734257031781	Down
LOC113711185	65.3336041644223	-1.18579669052868	0.31975557781694	-3.70844724156007	0.000208534097012599	0.020734257031781	Down
LOC113713064	299.0733673176	-1.39415795072069	0.375905458220804	-3.70879943409008	0.000208244294862921	0.020734257031781	Down
LOC113735137	419.403014282373	0.699997979611192	0.18882212477545	3.70718198645228	0.000209578341806427	0.0207529654644949	Up
LOC140006728	2464.7760592697	0.566889546230626	0.15304535169533	3.70406248834752	0.000212173955892059	0.0208710342279848	Up
LOC113698158	545.428809263756	0.565927237383857	0.152805766741069	3.70357251204287	0.000212584379184733	0.0208710342279848	Up
LOC113705685	5940.82301717426	0.579646990742659	0.156497191362362	3.70388110928146	0.000212325799262134	0.0208710342279848	Up
LOC113710304	852.675667067331	-0.519644213430628	0.14033393833839	-3.70291192268545	0.000213138894873327	0.0208710342279848	Down
LOC113691401	420.220809023039	0.849107086295041	0.229409057624813	3.70127969264279	0.000214514860634455	0.0209475841193513	Up
LOC113731361	2794.29357074391	0.572322553915226	0.154829433314031	3.6964712823977	0.000218616975765989	0.021289186822383	Up
LOC113728529	2760.67069322276	-0.446439708958231	0.120807651916184	-3.69545887099909	0.000219490010926512	0.0213153219426485	Down
LOC113690518	329.943848403147	1.89816663539431	0.513885160740124	3.69375646625109	0.000220965433369144	0.0213996523547502	Up
LOC113739917	738.423874098699	-0.56585021210736	0.153266159270447	-3.69194488072794	0.000222545702308772	0.021493646843257	Down
LOC113732618	184.288645233449	0.973316239785853	0.263775195217228	3.68994605040209	0.0002243016153714	0.0215741975471385	Up
LOC113743667	4427.63565554061	0.578456270746493	0.156809482668759	3.68891128840984	0.000225215723855298	0.0215741975471385	Up
LOC113696659	1939.11409205766	0.528941542636397	0.143384549203168	3.68897168890153	0.000225162270119924	0.0215741975471385	Up
LOC113692322	23.1105016287276	-2.17857057558408	0.591162128944301	-3.68523365912255	0.000228492918088457	0.0218288139524506	Down
LOC113690777	1894.23663442092	-0.578061743192474	0.156952935705824	-3.68302600134815	0.000230481640243713	0.0219592940050578	Down
LOC113703266	865.534250829346	-0.541624696395034	0.147117846594869	-3.68157031204074	0.000231801842193391	0.0220255486280362	Down
LOC113706983	710.350307457093	1.42596836730154	0.387815914686075	3.67692070722734	0.000236066379499659	0.0223704623928011	Up
LOC140010447	6519.63953074575	0.643571332586817	0.175073450358253	3.67600759149874	0.000236912475365141	0.0223904519613189	Up
LOC113703029	1740.69830206528	0.561036234932797	0.152741993943215	3.67309749237248	0.000239628005758053	0.0225865413341788	Up
LOC113714448	1741.13239401618	-0.493584828132036	0.13449438569956	-3.66992886405408	0.000242617975971991	0.0228073837039057	Down
LOC113692617	60.3756404425337	1.21352593547659	0.330827724789569	3.66815065529493	0.000244311219152598	0.0229054763233175	Up
LOC140014472	247.572538242958	5.51632624559848	1.50428989131999	3.66706329506607	0.000245352078875278	0.022942046378014	Up
LOC113714557	509.847117922563	-1.34845375024855	0.367896403891024	-3.66530832045856	0.000247040781780478	0.0230388403156757	Down
LOC113690827	629.99581876082	-0.549795774054472	0.150090093650154	-3.6631050103546	0.000249176327069522	0.0231766857041023	Down
LOC113735244	2675.21658902504	0.419986330248243	0.114681687284821	3.66219176044361	0.00025006655481915	0.0231982794486439	Up
LOC113711758	136.383891909	-1.86761705541081	0.51015226583477	-3.66090122594046	0.000251329643306925	0.0232542587555269	Down
LOC113695100	465.354500954032	0.718381037666967	0.196339190842262	3.65887744869088	0.000253322435468655	0.0233772840186938	Up
LOC113718993	21.017874804249	-3.0818375463202	0.843252403975861	-3.65470354046975	0.000257479326167903	0.023698854323945	Down
LOC140005276	317.210594600499	-0.81115587914075	0.222091432249907	-3.65235106515952	0.000259850307645069	0.0238547995966249	Down
LOC113715759	518.933993427457	0.476282298240727	0.130661084610199	3.64517330972431	0.000267211664930892	0.024466871719854	Up
LOC140016865	870.306349199907	0.501814601875359	0.137713832085765	3.64389396675013	0.000268544087397002	0.0245251714220702	Up
LOC113688204	1329.48944912011	-0.514335008763267	0.141234538746279	-3.6417084186981	0.000270834730766188	0.0246009938576103	Down
LOC113690962	2368.18919918472	-0.372795110849494	0.102385091939182	-3.64110735057931	0.000271467905668059	0.0246009938576103	Down
LOC113702075	3267.11561599539	0.392683690924726	0.107836635291316	3.64146831792284	0.000271087490600353	0.0246009938576103	Up
LOC113737342	12.8629987819818	-2.61275735443112	0.718918633912347	-3.63428798640609	0.000278749367938048	0.0251960838937233	Down
LOC113707065	814.1644642183	0.630906450513555	0.173650446910438	3.6331979660205	0.000279930079080881	0.0252380950070568	Up
LOC113742190	2097.86787398711	0.568939551309319	0.156740506415968	3.62981825386878	0.000283620847552706	0.0255056176477755	Up
LOC113712864	2332.28064511994	-0.67848569444832	0.187012803942669	-3.62801733434423	0.000285606089459437	0.0256187935512063	Down
LOC113717903	1119.20425676928	0.581229162744211	0.160248641561504	3.62704580257633	0.00028668245535286	0.0256500759291853	Up
LOC113709762	45.711603752983	2.87016028684279	0.793528676709871	3.61695849322427	0.000298085081137243	0.0266027728613926	Up
LOC113687856	1298.42882399946	0.580353820529224	0.160493061996135	3.61606796774306	0.000299111870479287	0.0266269991367067	Up
LOC113715061	1845.41464315291	-0.777924446719082	0.215222361767638	-3.61451496178151	0.000300910439453916	0.0267196342862202	Down
LOC113742766	1111.26456359906	-1.53682587732888	0.425676888525614	-3.61031082202248	0.000305830294393046	0.0270882651707127	Down
LOC113729036	1028.7650624173	-0.469734016608705	0.130205606738216	-3.60763279228924	0.000309003397849096	0.0270969845297919	Down
LOC113734697	385.521608580523	0.534937230509084	0.148248066194857	3.60839263701398	0.00030809996621099	0.0270969845297919	Up
LOC113739635	3559.71263878882	-0.332317902247658	0.0921016786490749	-3.60816335947419	0.000308372309164415	0.0270969845297919	Down
LOC113741878	726.985036539292	-0.712186436796667	0.197335573526173	-3.60901191848315	0.000307365489756182	0.0270969845297919	Down
LOC113731300	1146.98423479539	0.5056634587406	0.140251558455212	3.60540349291077	0.000311668299658042	0.0272628558301372	Up
LOC140014755	2316.45341902218	-0.519164533466071	0.144029019129009	-3.60458285841026	0.000312654691998642	0.027281443570139	Down
LOC113729555	1892.99579749207	-1.37193636905465	0.380746306419502	-3.60328214856816	0.000314224118354913	0.0273506879512281	Down
LOC113733439	1293.44562248148	0.548052948170785	0.152257877576158	3.59950471460272	0.000318823853167818	0.0275470060585096	Up
LOC113739955	305.326156101095	-1.41606453585359	0.393364598229224	-3.59987793062255	0.000318366602119318	0.0275470060585096	Down
LOC113702317	2319.09172416534	0.577293685766772	0.160328164440596	3.60070039958991	0.000317361108383191	0.0275470060585096	Up
LOC113714540	587.585175635649	-1.04202856918144	0.289596116633409	-3.59821319876508	0.000320410921437047	0.027616444504887	Down
LOC140012955	2991.61808041749	0.495915567667108	0.137847684206773	3.59756183443191	0.000321214147328402	0.027618149077124	Up
LOC113726459	1749.80089590253	0.548612134872648	0.152536059597239	3.5966061816545	0.000322396016305956	0.0276523220603834	Up
LOC113717256	826.43215617025	-0.750448442884626	0.208694824426474	-3.59591305125547	0.000323255765488245	0.0276587675849311	Down
LOC113700025	1582.61581946193	0.443928301758342	0.123476118498299	3.59525637149386	0.000324072280997255	0.0276614916457996	Up
LOC113708399	189.533761384284	-0.574549211500788	0.159911259102182	-3.59292531824576	0.000326986326512684	0.0278428067203506	Down
LOC113736530	430.439003652218	0.674706919722	0.187947858921123	3.58986222878526	0.000330852781231262	0.0281041499854565	Up
LOC113726994	440.349525637154	0.625770206031885	0.174417740611915	3.58776695441917	0.000333522186014891	0.0282627514190067	Up
LOC113732783	2569.62322241947	0.433493256355629	0.120846445152463	3.58714115097654	0.000334323367233797	0.0282627514190067	Up
LOC113737087	124.099442652375	0.988594174994651	0.27571523725349	3.58556235354431	0.000336352623087311	0.0282985743891978	Up
LOC113688811	6461.53447530981	-0.956495024228793	0.266729876372925	-3.58600632683337	0.000335780814809002	0.0282985743891978	Down
LOC113731932	1486.3888176056	-0.400356068577235	0.111772907429534	-3.58187039940457	0.000341143028350648	0.0285652589914894	Down
LOC140014333	3060.84274438576	1.0097047562055	0.281876496683076	3.58208211073642	0.000340866611319692	0.0285652589914894	Up
LOC113705050	214.691286385627	1.18313166311575	0.330401487310086	3.58089085115215	0.000342424689522545	0.0286046330688359	Up
LOC113739473	17.7927297338147	6.14556878302791	1.71822470379959	3.57669679026144	0.000347963387360512	0.0289985941636708	Up
LOC140034974	2048.29899463614	0.672536396748616	0.188113478482218	3.5751632587677	0.000350009415769902	0.029100311143209	Up
LOC113704025	13392.2932531215	-1.04987780680521	0.293799614036178	-3.57344855693354	0.000352310483430243	0.0292227039103128	Down
LOC113711053	212.948424995216	0.986078760915696	0.276408851213488	3.56746448815449	0.000360452210268192	0.0297579890313216	Up
LOC113702254	310.090886447216	3.46015594396223	0.969793591654844	3.56793030366169	0.000359812176251235	0.0297579890313216	Up
LOC113737003	30.2265004048502	1.73646041101714	0.487015820362974	3.56551130048085	0.000363147513141452	0.0299104582552861	Up
LOC113698884	1230.38765362179	0.584768565278286	0.164131900009268	3.56279653891331	0.000366925060936373	0.030081028484021	Up
LOC113710974	1110.36238619227	0.646731189384829	0.18151324441056	3.56299724290094	0.000366644531701821	0.030081028484021	Up
LOC113727224	283.732276822633	1.65271877314422	0.46400631770764	3.56184541044452	0.000368257209188353	0.0301201928963059	Up
LOC113734315	1887.4180955881	0.67721829888784	0.190203636875496	3.56049079824449	0.000370162283277818	0.0302059278011797	Up
LOC113740226	270.274242437325	-0.640069566430885	0.179852042273362	-3.55886737976556	0.000372457533111959	0.0303230322338632	Down
LOC140003905	1690.74045238545	-0.374023061335161	0.105150831551624	-3.55701477407275	0.000375093068569208	0.0304226201240815	Down
LOC113714913	139.092053832453	1.17273655422587	0.329717212217989	3.55679506792179	0.00037540677845159	0.0304226201240815	Up
LOC113732203	2243.85353211477	0.563037435524467	0.158463236710625	3.55311078589572	0.000380704098396422	0.0307811487997033	Up
LOC113735810	1258.52325178642	-0.862016292799212	0.242764601963914	-3.5508318998144	0.000384015604137226	0.0308408709676437	Down
LOC113704390	2591.84221723913	0.563769842594126	0.158772786109171	3.55079643312729	0.000384067353761364	0.0308408709676437	Up
LOC140014737	52.3866446654321	3.17366251118715	0.893586650739675	3.55160018176202	0.000382896198309224	0.0308408709676437	Up
LOC113705563	411.251996607316	-0.497340840130732	0.140113257257227	-3.54956304539898	0.000385871055735808	0.0308622527029474	Down
LOC113727396	522.064756404545	-0.675669284045483	0.190412329544587	-3.54845343083347	0.000387500513828121	0.0308622527029474	Down
LOC113730378	1316.8890571246	0.62475450792688	0.176026562350126	3.54920586748839	0.000386394867810963	0.0308622527029474	Up
LOC113732717	2822.55558879132	0.592066556402759	0.166889542376456	3.54765522136326	0.000388676650736668	0.0308622527029474	Up
LOC140013881	452.373239074969	0.847543398677524	0.238903982237151	3.54763194292927	0.000388711000797364	0.0308622527029474	Up
LOC113694349	638.8658303101	-0.808551966787485	0.228003837874084	-3.54622086332605	0.000390798520299366	0.030958268399086	Down
LOC113730252	677.723023120022	-0.400889267717338	0.113105851491431	-3.54437248321949	0.000393548822948709	0.0311062401493002	Down
LOC113730016	1598.54200618697	-0.523991217854748	0.147891348549009	-3.54308228977374	0.000395479276542815	0.0311494763864636	Down
LOC113716907	4836.08413276077	-0.417517967536315	0.117848833419791	-3.54282647880841	0.000395863083545209	0.0311494763864636	Down
LOC140037034	43.274621308296	-1.35710480998451	0.383149050996997	-3.54197617468494	0.000397141343180975	0.031180460200035	Down
LOC113717992	1415.458097979	-0.83731082110551	0.236485369477355	-3.54064533867786	0.000399149728673674	0.0311991712532248	Down
LOC113706345	44.3332810875767	-2.36992758743786	0.669303605682131	-3.54088573155453	0.000398786247233189	0.0311991712532248	Down
LOC113693926	150.533729374235	0.600564722468574	0.169680944389692	3.5393763550096	0.000401073606058804	0.0312801919486393	Up
LOC113690983	168.925418095508	0.878337646177597	0.248354040555669	3.53663521725839	0.000405258988705684	0.0314987786365389	Up
LOC113708803	2017.87196489435	0.887593212010477	0.250989791089925	3.53637177096366	0.000405663380829135	0.0314987786365389	Up
LOC113726885	430.583970135322	1.02854044852396	0.290989571715851	3.53462992662956	0.000408346625521134	0.031637440094222	Up
LOC113731305	71.0270848661669	-1.50061755207724	0.424652381568912	-3.53375517766576	0.000409700387628065	0.0316727150540889	Down
LOC113695381	1886.85604132999	-0.52893670684802	0.149740194969335	-3.53236288330157	0.000411863752467062	0.031770286656387	Down
LOC113734110	627.500852743195	-0.427588392446592	0.121149972976947	-3.52941384913025	0.000416481280349535	0.0320563277180826	Down
LOC113725607	4813.94128801208	-0.69028396650824	0.195880633599547	-3.52400313304804	0.000425079222884354	0.0326468251963382	Down
LOC113708571	235.056842059618	1.53277916653849	0.435040284342821	3.52330398288041	0.000426202226878965	0.0326619150042115	Up
LOC113710614	448.061113354182	0.929782234257685	0.263979290576032	3.52217869905173	0.000428015523537003	0.0327297250232678	Up
LOC113692751	11394.9444998804	-0.546701576814628	0.155305971988603	-3.52015810991961	0.000431289618610619	0.0328376277219472	Down
LOC113691735	196.076567522978	-0.73134925952439	0.207746192821952	-3.52039789316953	0.000430899862674071	0.0328376277219472	Down
LOC113729008	3027.73974503282	-0.688504636574323	0.195730397229356	-3.51761732628344	0.000435439808764354	0.0329654297741811	Down
LOC113735013	24.1468022143685	-1.59827606744334	0.454295379906356	-3.51814290467315	0.000434578267326305	0.0329654297741811	Down
LOC113742969	1721.99173424755	0.407705887096483	0.115944669793098	3.5163831836688	0.000437469118575915	0.0329654297741811	Up
LOC113690089	687.522493139316	-0.893745271487881	0.254173726658976	-3.51627716694345	0.000437643853804514	0.0329654297741811	Down
LOC113698717	1598.98702682963	-0.803718675272536	0.228547679987881	-3.51663458283696	0.000437055026406463	0.0329654297741811	Down
LOC113732372	392.726121342182	0.96047803702317	0.273267760611067	3.51478723606254	0.000440106438228479	0.0330255818259754	Up
LOC113688816	766.968658942681	0.627352409212647	0.178524539564313	3.51409621749309	0.000441252951322887	0.0330255818259754	Up
LOC113697228	9917.23369173565	-0.991725069962992	0.282172068679107	-3.51461104781	0.000440398499014516	0.0330255818259754	Down
LOC113706503	9548.05613762357	-0.468635570171407	0.133409878596978	-3.51275014339172	0.000443494318088627	0.0331230120789413	Down
LOC113705235	7838.91402128412	-0.35703487556736	0.101691784414716	-3.51095103328418	0.000446506637454085	0.0332774883372757	Down
LOC113688107	4210.5503122987	0.465560140934337	0.132695838888167	3.50847581081046	0.000450682216087462	0.0334472620663478	Up
LOC113715621	1387.39132316962	0.417553371644684	0.118997920029073	3.50891319396735	0.000449941731321316	0.0334472620663478	Up
LOC113717336	34.7609461670953	2.86419885874258	0.816731260856426	3.50690489762713	0.00045335114270001	0.0335746522740772	Up
LOC113739872	2898.22551583725	-0.950409951006178	0.27112210663107	-3.50546830288335	0.000455804771843082	0.0336855971006548	Down
LOC113700351	187.476731018631	-1.28355097845825	0.366422641611912	-3.50292485423892	0.000460179266605366	0.0337963323049424	Down
LOC113702825	1749.50524670088	-0.849207506724728	0.242387620388205	-3.50351022616027	0.000459169024864576	0.0337963323049424	Down
LOC113706658	840.097305015923	-0.344320989076382	0.0982938830409616	-3.50297473681952	0.000460093097892827	0.0337963323049424	Down
LOC140012537	1585.16700781963	0.547023938663474	0.156265273389098	3.50061102380305	0.00046419283788302	0.0340202202100878	Up
LOC113711035	97.8192614010577	-0.81125949376745	0.23180518949824	-3.49974690179924	0.000465700102624227	0.0340598755554134	Down
LOC113714451	2399.76176043804	-0.381162822195283	0.108929383782403	-3.49917358347215	0.000466702644763604	0.0340625292612972	Down
LOC113735086	807.38746829082	-0.70539262826927	0.201654417758925	-3.49802715015427	0.000468713415176654	0.034138606016131	Down
LOC113688318	1554.7279894026	0.498909770959739	0.142675379377143	3.49681755280943	0.000470843731740335	0.0341526403936426	Up
LOC140008360	15.766418472976	-2.05432058751606	0.58747568653948	-3.49686060986969	0.000470767745797106	0.0341526403936426	Down
LOC113709624	945.261616653346	-1.17160956581317	0.33550998829648	-3.4920258909784	0.000479371778539395	0.0346998232794061	Down
LOC113717192	2016.56190152481	0.480783532592856	0.137734221665862	3.49066141136091	0.000481826461646784	0.0348060377581402	Up
LOC113692517	1091.43604066468	0.502210002734118	0.144005831894098	3.48742822515302	0.00048768980520674	0.0351575480841472	Up
LOC113709508	184.433308567951	0.994636440809828	0.285276904284491	3.4865648984256	0.000489266656012745	0.0351992411382883	Up
LOC113707926	58.4985383311497	1.34860856460006	0.386935390745239	3.48535852976032	0.000491478031713101	0.0352863209245422	Up
LOC113690780	652.915990101799	0.488529156484744	0.140305265971544	3.48190178823242	0.000497866255860735	0.0355813393992342	Up
LOC113695296	680.120306845347	0.421511223644839	0.121035133363386	3.48255264344882	0.000496657558923442	0.0355813393992342	Up
LOC113703267	60.7144677804724	-1.5392683582095	0.44212801546889	-3.48149925893535	0.000498615161217001	0.0355813393992342	Down
LOC140037729	71.9908973192008	-2.0313404433147	0.583893269084464	-3.47895848585447	0.000503366558836211	0.0358332395977254	Down
LOC113700135	969.309463766811	0.767571502468866	0.220659939529579	3.47852675073344	0.000504178113028248	0.0358332395977254	Up
LOC113704302	2221.85459779534	0.579288931714375	0.166589965975846	3.47733387374824	0.000506426769647477	0.0359206367879534	Up
LOC113727549	32.3645599233261	-1.89268659947462	0.54472812521603	-3.47455273899069	0.000511705763883307	0.0361109905885982	Down
LOC113695849	1712.47202193299	-0.532725010161184	0.153332945311031	-3.47430233653028	0.000512183572401541	0.0361109905885982	Down
LOC113702662	460.534797236472	0.643045890634443	0.185031485073215	3.47533226780294	0.000510220955280261	0.0361109905885982	Up
LOC113727575	2649.93681675379	0.456541463652385	0.131437565098115	3.47344736119836	0.000513818140106313	0.0361234335247608	Up
LOC113729980	376.124770963936	1.30509055146445	0.375766899998042	3.47313867046632	0.000514409498168328	0.0361234335247608	Up
LOC140037234	482.938435257141	-0.460192117777956	0.132564074044249	-3.47146933357182	0.000517618449344553	0.0361969906899995	Down
LOC113734933	91.5551969232352	-1.98733683555716	0.572569700404596	-3.47090814297866	0.000518701404706419	0.0361969906899995	Down
LOC113717830	1698.96880608332	0.471304545235842	0.135804561399076	3.47046181939988	0.000519564203141375	0.0361969906899995	Up
LOC113713860	1499.11669703065	1.11868385114246	0.322211758428119	3.47189021468323	0.000516807638995101	0.0361969906899995	Up
LOC113726468	4979.09541447093	0.58860754885204	0.169701358021171	3.46849050423396	0.000523391023296747	0.0363916772253588	Up
LOC113725802	2176.50685607842	-0.538280603943495	0.155353141004901	-3.46488394416508	0.00053046034242584	0.0365061388399965	Down
LOC113735100	476.177863218446	-0.527853623735933	0.152339107361929	-3.46499091977645	0.000530249382307046	0.0365061388399965	Down
LOC113736300	1444.75909516443	-0.426624264325908	0.123104807369229	-3.46553699601942	0.000529173716053524	0.0365061388399965	Down
LOC113740373	1408.69633966344	0.381375460797375	0.110084744385852	3.46438067259017	0.000531453863686092	0.0365061388399965	Up
LOC113740640	196.512323258929	-2.50615363864957	0.723477884775311	-3.46403627724972	0.000532134742300941	0.0365061388399965	Down
LOC113706489	469.181122813292	1.45500549254926	0.419880179794092	3.46528739047122	0.000529665138916389	0.0365061388399965	Up
LOC113706423	1364.66706239439	0.631386959245937	0.182273183110525	3.46395969210173	0.000532286263581022	0.0365061388399965	Up
LOC113702997	1017.34451098548	-0.535572541978223	0.15487454914693	-3.45810557595312	0.000543988163154971	0.0372362538398816	Down
LOC113710354	3164.73331540427	-0.992402461902576	0.287312332203102	-3.45408933300171	0.000552154442095713	0.0373150968952776	Down
LOC113741276	2550.83569858897	0.583324965161261	0.168806580551266	3.45558190478307	0.000549106334235198	0.0373150968952776	Up
LOC113742047	150.850285538915	-1.14937668162815	0.332637544078779	-3.4553426156728	0.000549593949510074	0.0373150968952776	Down
LOC113692696	4450.19529616227	-0.352106073109604	0.101944596913543	-3.45389636890927	0.000552549659007572	0.0373150968952776	Down
LOC140008336	1842.88985159392	0.812183241553815	0.235059020855196	3.45523111003746	0.000549821309679727	0.0373150968952776	Up
LOC113722977	800.536045794122	-0.579048390556497	0.167613908145109	-3.45465598269563	0.00055099538728688	0.0373150968952776	Down
LOC113711865	236.280802250669	0.635078707688167	0.183806477569837	3.45514867639456	0.000549989448335587	0.0373150968952776	Up
LOC113734433	1647.59438802344	-0.462979103761795	0.134084611133083	-3.4528876941909	0.000554619855314232	0.0373832870736851	Down
LOC113731644	2986.1014724987	-0.482867389933887	0.139954375063022	-3.45017717178508	0.000560218757750863	0.0376886100157126	Down
LOC113698529	173.286795749707	-2.67499111080071	0.775769567984814	-3.44817742432129	0.000564383167837792	0.0378964484430816	Down
LOC113737907	570.64670676981	0.403501431280788	0.117044569837077	3.44741692709412	0.000565974431875933	0.0379241866026725	Up
LOC113715165	1425.01306990587	0.658976066539525	0.191176417933709	3.44695268204066	0.000566947870747998	0.0379241866026725	Up
LOC113703431	32.409465305576	-1.46798781827948	0.425945309752948	-3.44642324886949	0.000568059900281845	0.0379266053119992	Down
LOC113733909	1128.13405152536	0.547098471523973	0.159047672204558	3.43983953955847	0.000582059166900359	0.0386417132797956	Up
LOC113698360	212.512097128633	0.590588440638516	0.171682750473513	3.43999871279806	0.000581716953230834	0.0386417132797956	Up
LOC113706646	30.3378769045024	3.75323089895342	1.09100051429444	3.44017335443757	0.000581341698873998	0.0386417132797956	Up
LOC140009577	22.7566016550535	-1.79574843144789	0.522136269379491	-3.43923327445146	0.000583364320619641	0.0386555620873752	Down
LOC113740551	173.790538615602	0.661999149018736	0.192525362379034	3.43850358642839	0.000584938789385279	0.0386871711133393	Up
LOC140014765	1308.508048382	-0.406421577441676	0.118220386458599	-3.43782988379931	0.000586395968441135	0.0387109188754436	Down
LOC113737208	120.919013582041	-4.74700373280856	1.38257166516048	-3.43345943825455	0.000595931360588842	0.039238291512246	Down
LOC113709145	3389.47710239738	0.774605883810455	0.225625378664341	3.43315050991149	0.000596610809331779	0.039238291512246	Up
LOC113730908	2217.06968403511	-0.474103095769232	0.138135966135322	-3.4321481148855	0.000598820419022316	0.0393102745090776	Down
LOC113726743	257.539556546229	-0.547363273050031	0.159630505760707	-3.42893903919939	0.000605945612478105	0.0396441316287833	Down
LOC113725164	865.969812946302	0.37537565738983	0.109491893470985	3.42834200313928	0.000607279901269233	0.0396441316287833	Up
LOC140015397	813.379180543658	0.595480797265289	0.173671554861018	3.42877564343699	0.000606310506825656	0.0396441316287833	Up
LOC140012549	39.3533280083738	-2.98535518601625	0.871491253044329	-3.42557102620099	0.000613508502775462	0.0399767130126443	Down
LOC113735000	1273.91741875847	-0.680924313214986	0.198893431649938	-3.42356360170529	0.000618057867665918	0.0400510587333804	Down
LOC140005111	473.480886062752	0.496031740155762	0.144878453927115	3.42377853096986	0.000617569283801714	0.0400510587333804	Up
LOC113739981	613.101674974866	0.655116405127571	0.191305331157687	3.42445451552826	0.00061603495641211	0.0400510587333804	Up
LOC113703154	3019.66737459983	-0.792816360236004	0.231635633311036	-3.42268738580228	0.000620053433113226	0.0401066488515733	Down
LOC113692651	2099.12206350839	0.684108969817171	0.200004881091064	3.42046137116869	0.000625150133513459	0.0403622573381254	Up
LOC140013048	120.154620058198	-1.69646122404173	0.496059276982411	-3.41987601635336	0.000626496823929052	0.040375257837563	Down
LOC113736532	986.321397696936	0.436353078837147	0.127644365482202	3.41850638834497	0.000629658396962351	0.0404950264678813	Up
LOC113707663	2295.05084585454	0.906302166336553	0.265149725033647	3.418076960938	0.000630652715615194	0.0404950264678813	Up
LOC113724100	320.335578939233	-0.834284386796567	0.244155912754831	-3.41701487948119	0.000633118191858839	0.040579422726196	Down
LOC113712596	416.46186876654	0.607442069286556	0.177848202034	3.41550863230222	0.000636630115692436	0.0406856121690937	Up
LOC140004225	8308.3915766633	-0.747074961983811	0.218742632225151	-3.41531485830732	0.000637083226975483	0.0406856121690937	Down
LOC113730321	482.878303970389	-0.603864670686569	0.176951548615869	-3.4125989594895	0.000643465595483906	0.041018895428569	Down
LOC113731637	1922.16735664017	-1.48260257807469	0.434651669782176	-3.41101318860155	0.000647219608297586	0.0411599371928016	Down
LOC113716728	7144.75982908971	0.535859626814	0.157112300899719	3.41067900950687	0.000648013308237969	0.0411599371928016	Up
LOC113734466	706.618416000035	-0.638970516991565	0.187372591476766	-3.41016000235443	0.000649247783298748	0.0411641778000854	Down
LOC113700190	852.170829444329	0.491752214056998	0.144257168117574	3.40885808638782	0.00065235406282053	0.0412868679040383	Up
LOC113701687	1095.87171058364	0.728319665323906	0.213777642686755	3.40690287426876	0.000657045033932686	0.0415092321437187	Up
LOC113726559	2250.85394840308	-0.391878837986252	0.115091025729479	-3.40494695830898	0.00066176906253819	0.0417059629426035	Down
LOC113741605	24.3697492232059	-1.97603010885381	0.580394097734434	-3.40463508599972	0.000662525225458356	0.0417059629426035	Down
LOC113730857	200.452110004047	0.771364280819628	0.226889179941094	3.39974026535727	0.000674498914076205	0.0417957518302074	Up
LOC113732674	2201.04741250956	0.496964064468499	0.146090336689304	3.40175863599666	0.000669537415247445	0.0417957518302074	Up
LOC140038818	5407.44870859623	-0.533258724862615	0.156726286931817	-3.40248426286399	0.000667762008363832	0.0417957518302074	Down
LOC113740565	1233.41776574411	0.462092324069313	0.135864642064204	3.40112274281743	0.000671096875915256	0.0417957518302074	Up
LOC140006659	42.9714162981532	1.94575157540492	0.572253335297144	3.40015768434898	0.000673470032152319	0.0417957518302074	Up
LOC113743770	2807.90461384648	-0.340451018468321	0.100054189241825	-3.40266630561036	0.000667317287777907	0.0417957518302074	Down
LOC113695833	2435.37178727165	0.639926765787051	0.188126381491686	3.40157909120966	0.000669977388131691	0.0417957518302074	Up
LOC113697836	715.389415116947	-0.727751785587494	0.213997797566791	-3.40074427803563	0.000672026623039723	0.0417957518302074	Down
LOC113713228	6613.43599549709	0.56745572898927	0.166913948879738	3.3996902763239	0.000674622228281744	0.0417957518302074	Up
LOC113701978	1046.5184818494	-0.416701849608203	0.122763161268298	-3.39435580921141	0.000687902540327548	0.0422113561780277	Down
LOC113730190	856.913676779558	0.420724758126634	0.123913085561308	3.39532145633218	0.000685480663342815	0.0422113561780277	Up
LOC113730891	1862.7265075382	0.547901635938117	0.161427087928521	3.39411212188084	0.000688514972267274	0.0422113561780277	Up
LOC140007751	1167.01112074609	-0.684391696561086	0.201588435582295	-3.39499482985815	0.000686298965620974	0.0422113561780277	Down
LOC113702296	724.168688127678	0.339659653801356	0.100053737016543	3.39477228866721	0.000686857021427946	0.0422113561780277	Up
LOC140004106	730.459159890839	0.424523960340966	0.125005792159159	3.39603431975743	0.00068369786441038	0.0422113561780277	Up
LOC113702769	127.24187444391	0.820116336187247	0.24174913360579	3.39242719903425	0.000692763385049451	0.0423980813363945	Up
LOC113736206	251.673183586343	0.69073229003706	0.203670752324733	3.39141620558141	0.000695324215038759	0.0424810558553662	Up
LOC113702695	1956.94607172066	0.50816726051996	0.14987582509446	3.39058857690815	0.000697427130990086	0.0425358152623919	Up
LOC113691082	1594.39047302296	-0.731991019753505	0.21597375044208	-3.38925919587534	0.000700817321665234	0.0426687603166543	Down
LOC113730568	651.655195148515	0.673882394265356	0.198859108709882	3.3887429076658	0.00070213808500154	0.0426754685732316	Up
LOC140036751	1589.01972700391	-0.661556035570722	0.195306298467704	-3.38727445433674	0.000705907324084507	0.0428307142661395	Down
LOC113701399	246.4000890439	-1.02814140275886	0.303662911277433	-3.38579841190921	0.000709714984136708	0.0429877536439643	Down
LOC113701785	2225.47507380189	-0.719553298595334	0.212644778346741	-3.38382773463651	0.00071482837687495	0.0431719717141711	Down
LOC113717158	880.003191018043	-0.54294477216248	0.160459711743401	-3.38368283392363	0.000715205704104049	0.0431719717141711	Down
LOC113709462	2343.89348535187	-0.397192023034079	0.117429596940903	-3.38238428284796	0.00071859545256159	0.043195346077248	Down
LOC113741854	1453.38243160157	0.388201206351319	0.114780199058584	3.38212696558561	0.00071926892509204	0.043195346077248	Up
LOC113708967	73.9404940554937	1.04708113408499	0.309552729775866	3.38256146163899	0.000718132065859192	0.043195346077248	Up
LOC113734176	634.77865373925	1.63524047000289	0.483662614672517	3.38095279725123	0.000722349507391579	0.0433065728479046	Up
LOC113714654	21.760581471936	3.11324783771973	0.921215542263578	3.37949990516873	0.000726178324322918	0.0434622042258599	Up
LOC113732249	761.14495749209	0.646335172927766	0.191386320961945	3.37712313857729	0.000732482504899138	0.043765208919838	Up
LOC113743599	1930.74422549302	-1.17861135528038	0.349361909836926	-3.37361149597142	0.000741889945318215	0.0441775411357394	Down
LOC113705283	990.831218760446	-1.01912447514893	0.302062775678181	-3.37388303759317	0.000741158520762485	0.0441775411357394	Down
LOC113712840	645.858456859303	-0.491465158733903	0.145743630537014	-3.37212101086701	0.000745916669331626	0.044342418933016	Down
LOC113732449	284.107906538896	-0.579702351874028	0.172010129222847	-3.37016403913632	0.000751234486228419	0.0445833638190644	Down
LOC113737284	20.8491283275384	-2.80522913984679	0.832502578633279	-3.3696341751303	0.000752680367704433	0.0445940980207003	Down
LOC113727483	653.522698613184	0.43045319414027	0.127763674808551	3.36913598317587	0.000754042179889818	0.0445998237004628	Up
LOC113729920	360.384569684396	-0.548121084322495	0.16283778327662	-3.36605591953665	0.000762512489204884	0.0450252768332505	Down
LOC140037514	1824.20770639684	0.366398709817544	0.108866044673108	3.36559219100621	0.000763795388090565	0.0450256104029575	Up
LOC113701605	558.819878540187	0.686044298959098	0.203943635029378	3.36389168929089	0.000768516972117555	0.0452283143590785	Up
LOC113725853	1753.14756718272	-0.540262842289502	0.160680273356785	-3.36234704486634	0.000772829277922819	0.0452330508742368	Down
LOC113701515	120.628662696199	-1.30142094528592	0.386962273749737	-3.36317267488353	0.000770521514697632	0.0452330508742368	Down
LOC113704108	250.288658883277	0.941367377979866	0.2799341976755	3.36281663975583	0.000771515902076116	0.0452330508742368	Up
LOC113711003	160.495999478289	1.46258327414132	0.435030402656539	3.36202542445302	0.000773729991976761	0.0452330508742368	Up
LOC113691857	529.942903877522	-0.685316438972161	0.203943468351016	-3.36032550840331	0.000778506901410748	0.0454369623982313	Down
LOC113722519	161.625275167817	0.90416939763793	0.269113100594956	3.3598118993055	0.000779955563421417	0.0454462702838542	Up
LOC113707922	162.066549927021	0.809710843510759	0.241098655758565	3.35842122787113	0.000783890596892986	0.0456001836991279	Up
LOC113726603	1266.41934085862	-0.382879564878196	0.114075393623276	-3.35637294527006	0.000789719972006774	0.0456555126799489	Down
LOC140037035	92.5120045555789	2.25563349767542	0.671910874820859	3.35704270045756	0.000787809448314234	0.0456555126799489	Up
LOC113690443	8343.35825547709	0.483982377928689	0.144152875054985	3.35742438535533	0.000786722585306713	0.0456555126799489	Up
LOC113702810	459.982973397627	-0.473818942263025	0.141174383201473	-3.35626713230847	0.000790022203981868	0.0456555126799489	Down
LOC140007964	97.7729028906897	0.903025814144188	0.269244993590022	3.3539186823998	0.000796757741201386	0.0459694008065978	Up
LOC113691365	2220.78487081063	-0.433013345402628	0.129148167304003	-3.35284158065793	0.000799864745860222	0.0460435255729911	Down
LOC113719463	555.214320331599	-0.62737572765269	0.187132868227132	-3.35256833070721	0.000800654747992838	0.0460435255729911	Down
LOC113707773	99.4621103256102	1.30739777383986	0.390052985924853	3.35184659781516	0.000802744857671982	0.0460885370075777	Up
LOC140005823	267.30326783108	0.700285016722278	0.20909167417154	3.3491769555002	0.000810520117526025	0.0464045830073618	Up
LOC113691134	550.988458743672	2.77832763848314	0.829586002843125	3.34905317708033	0.000810882308309737	0.0464045830073618	Up
LOC113726329	1295.14925276654	-0.661839677355731	0.197745695892382	-3.34692330151105	0.000817138156837304	0.0466867979008568	Down
LOC113715176	42.4328554920364	-2.55666377489443	0.764094751269966	-3.34600358220642	0.000819853365328539	0.0466905829314405	Down
LOC113740595	573.489869367153	-0.581446202420097	0.173768505426902	-3.34609658402506	0.000819578424089431	0.0466905829314405	Down
LOC140034933	82.5742600583063	0.847774873326039	0.2535881496554	3.3431170757706	0.000828429407233218	0.046711034698773	Up
LOC140035069	104.897226721417	-2.28846462415263	0.684778846052245	-3.34190321057031	0.000832060694379175	0.046711034698773	Down
LOC140004026	2345.58703282158	-0.528568709981828	0.158135416556658	-3.34250683048253	0.000830253119108714	0.046711034698773	Down
LOC113698098	2369.01135103158	-0.373457760830362	0.111744671672593	-3.3420632522379	0.000831581084902983	0.046711034698773	Down
LOC113697914	186.688057386821	-1.89654924994412	0.56722261191297	-3.34357130712397	0.000827074354730788	0.046711034698773	Down
LOC113704094	245.618256290645	0.833889313435688	0.24942062193613	3.34330540499264	0.000827867338100211	0.046711034698773	Up
LOC113703042	928.963115496891	-0.775525725098204	0.231864494989879	-3.34473686940321	0.000823606678021615	0.046711034698773	Down
LOC113706674	2663.09183920837	0.397378041056567	0.11879695438851	3.34501875996747	0.000822770050389012	0.046711034698773	Up
LOC113713736	291.553127860595	-1.25238748897381	0.37475566404691	-3.34187741273749	0.000832138028787855	0.046711034698773	Down
LOC140012545	126.966758292305	2.33294966787547	0.69832910943171	3.34075958794556	0.000835495353506027	0.0467641974989254	Up
LOC113710539	1829.22134410533	0.425058035746026	0.127237023059234	3.34067888045562	0.00083573823965514	0.0467641974989254	Up
LOC113715909	143.746186871388	0.781714348399313	0.234090437163064	3.33936899718284	0.000839689453068277	0.0468366022144983	Up
LOC113728078	569.106397119828	0.661467592035648	0.198073089905649	3.33951266348566	0.00083925524463741	0.0468366022144983	Up
LOC140035054	864.479265410761	0.618630487708356	0.185291060954445	3.33869580389768	0.00084172684931059	0.0468760740788261	Up
LOC113727251	833.67858043393	0.423456834093577	0.126886570260762	3.33728646950846	0.000846007007118399	0.0468921997090217	Up
LOC113726785	1872.05600657888	0.365835732867926	0.109594765544458	3.33807669600354	0.000843604604459968	0.0468921997090217	Up
LOC113712461	603.24824780178	0.451556383927948	0.135288807894789	3.33772165602283	0.000844683193401072	0.0468921997090217	Up
LOC140035041	48288.9660738418	-0.383277770926048	0.114931568231557	-3.33483460483062	0.000853501476538069	0.047233334459843	Down
LOC113692169	70.1400699645259	-0.919290308065477	0.275714844159312	-3.33420679930566	0.000855430328721061	0.0472658776615593	Down
LOC113723723	99.0804140784852	1.85144568545244	0.555387591480422	3.33361010194212	0.000857267351258839	0.0472932529993374	Up
LOC113721941	322.56131144504	-2.07289214518423	0.622114030832086	-3.33201317194488	0.000862201752473155	0.0473790866178777	Down
LOC113732049	2414.82167391545	0.556075428790602	0.166899286545856	3.33180231203575	0.000862855259522226	0.0473790866178777	Up
LOC140012511	580.819516897376	-0.700018458934081	0.210067210650179	-3.33235471051125	0.000861144213598385	0.0473790866178777	Down
LOC113741700	190.671064579883	0.647959845881937	0.194502864498175	3.33136402671343	0.000864215084012418	0.0473799535639281	Up
LOC113689881	1081.84535164511	-0.922949606373927	0.277164557593924	-3.32996979984052	0.000868554039937495	0.0474745779392286	Down
LOC140009335	220.508232769231	0.482536905120494	0.144908413868054	3.32994401249791	0.00086863448232164	0.0474745779392286	Up
LOC113713551	381.608854095101	1.30501359855911	0.392117542470377	3.32811837577428	0.000874347056815293	0.047712821125159	Up
LOC113701690	1230.36423121196	0.499419579534364	0.150145304787273	3.32624173790812	0.000880255507499303	0.0478388356806012	Up
LOC113703085	4108.83420668342	0.459950679580162	0.138285601353072	3.32609234135527	0.000880727458206916	0.0478388356806012	Up
LOC140013189	1034.97498353746	-0.711062624108284	0.213734031581637	-3.3268573041289	0.000878313377173244	0.0478388356806012	Down
LOC113738640	252.608443526834	-0.989959817674725	0.297679987016568	-3.32558405284943	0.000882334922734804	0.0478524164557651	Down
LOC140036567	9689.44730501553	0.451252371739656	0.135814310847867	3.3225686521734	0.000891927203140364	0.0481433249054895	Up
LOC140008537	884.030615873772	-0.584501117399108	0.175938879945826	-3.32218278062861	0.000893161650067802	0.0481433249054895	Down
LOC113702828	376.512833465922	0.880957798219454	0.265156445659167	3.32240763006697	0.000892442138756611	0.0481433249054895	Up
LOC113717580	242.876109184154	0.635445814757018	0.191263544229269	3.32235720778709	0.000892603441758737	0.0481433249054895	Up
LOC140035080	838.042158241882	0.416425177260188	0.125385260630027	3.32116530418141	0.000896424270308958	0.0481902861816579	Up
LOC113690118	1265.50732020058	0.607700479705237	0.183007393180525	3.32063349542266	0.000898133950452434	0.0481902861816579	Up
LOC113690966	246.220216095202	0.594235624232816	0.178937606409594	3.32090965200792	0.000897245774312981	0.0481902861816579	Up
LOC113743748	43.8081817323196	1.17631137459416	0.354329370900257	3.31982463549511	0.000900740100764868	0.0482566717814029	Up
LOC140013271	620.297028724956	-0.489213566631136	0.147409844140366	-3.31873064166121	0.000904276105460077	0.0483261012384806	Down
LOC113707258	266.501367736674	0.708891389378841	0.213613141136261	3.3185757468294	0.000904777794661216	0.0483261012384806	Up
LOC113732336	1265.68563300538	0.453592856256625	0.136740710586492	3.31717492406709	0.000909326652264423	0.0484290598106082	Up
LOC113708834	3756.70700042417	1.10086351111214	0.331871673799197	3.31713610417451	0.000909453012442489	0.0484290598106082	Up
LOC113701246	164.44878068649	2.24346155397848	0.676527217357635	3.31614382454699	0.00091268844839849	0.0485280440165062	Up
LOC113707916	638.74466730671	0.877328506456078	0.2646070020666	3.31559066692899	0.000914496706421317	0.048550960684886	Up
LOC113724941	535.773706537638	1.02825984371313	0.310254045152456	3.31425120729	0.000918889127359144	0.0485674765906451	Up
LOC140008503	13.7393315621414	2.08652273457921	0.629643405393908	3.31381654553163	0.000920318687239048	0.0485674765906451	Up
LOC140015290	1768.80979806756	-0.471482279447429	0.142262818882689	-3.31416376499763	0.000919176551037631	0.0485674765906451	Down
LOC113717773	994.858994463826	-0.729811745668794	0.220199455753895	-3.3143212964362	0.000918658803777319	0.0485674765906451	Down
LOC113726204	635.244387649364	-0.718105329899858	0.216836643337256	-3.31173421082227	0.000927195911334053	0.0488013596843213	Down
LOC140007791	2366.25515563647	-0.331495329935088	0.100100151661063	-3.31163664024731	0.00092751931772652	0.0488013596843213	Down
LOC113725074	1805.79896086716	-0.411411969111631	0.124297830702886	-3.30988856993847	0.000933331192387101	0.0488157139377301	Down
LOC113726908	2645.51722396249	0.610510497370899	0.184414945648317	3.31052613563736	0.000931207556234921	0.0488157139377301	Up
LOC113690174	15.5760755897393	-4.98880479000734	1.50679019362457	-3.31088217265791	0.000930023598998927	0.0488157139377301	Down
LOC113713491	1840.91088600625	-0.363929333654518	0.10994913937624	-3.30997892042767	0.000933029975770469	0.0488157139377301	Down
LOC113708656	99.152092682326	-3.10108589619221	0.937477111202759	-3.30790571752051	0.000939964488456833	0.0490898194771559	Down
LOC113720809	362.343321649489	-0.457117757622775	0.138271534380834	-3.30594261262596	0.000946574723121455	0.0492889987289181	Down
LOC113725537	872.919235073437	0.725264486004478	0.219380950217039	3.30595926987714	0.000946518453559911	0.0492889987289181	Up
LOC113727505	432.49496291351	0.548136102819092	0.165887707862513	3.3042599110079	0.00095227502155068	0.0493322700314798	Up
LOC113695634	35.7490090702767	1.24003634882161	0.375355223705383	3.30363418571981	0.000954402818605164	0.0493322700314798	Up
LOC113697285	7068.82517882091	-0.653160304167917	0.197688810932489	-3.30398215805432	0.000953218985631279	0.0493322700314798	Down
LOC113706685	46.175533077728	-1.57759718515343	0.477417539516907	-3.30443910114777	0.000951666490106252	0.0493322700314798	Down
LOC113717327	287.620606446119	0.542926083979025	0.164298755677404	3.30450514820116	0.000951442284540571	0.0493322700314798	Up
LOC113727141	3201.75919521994	0.489291971776697	0.148171094594693	3.30220933519527	0.000959264506105247	0.049440416031033	Up
LOC113704353	489.747391591642	0.573903250372512	0.173794268357378	3.30219894934842	0.000959300027380762	0.049440416031033	Up
LOC113717260	617.421815105676	0.732673627409684	0.221910940579986	3.30165617564762	0.000961158097596531	0.0494638616882816	Up
LOC113730004	1492.15539155781	0.627428290962455	0.190064244609936	3.30113795074982	0.000962935240185498	0.0494830803017772	Up
LOC113726560	2409.6189940558	-0.480472272313162	0.145597825755115	-3.29999620407302	0.0009668613623413	0.0496125134574316	Down
LOC113725088	81.3864868193586	-2.02633564833138	0.614148093939133	-3.29942511965559	0.000968830706545019	0.0496413082371003	Down
LOC113734744	76.8422906171476	2.5337739462726	0.768499858739892	3.29703892259294	0.000977099593807102	0.0499923292901132	Up
LOC113702178	97.3668080653237	-1.54674991048688	0.469347778776275	-3.29553047959384	0.000982360463946271	0.0501886537319332	Down
LOC113738079	14149.5035533134	-0.905007797555593	0.274700047840244	-3.2945309062411	0.000985861027478591	0.0502946062817298	Down
LOC113738812	806.370810334579	0.411880891671718	0.12503922003798	3.29401360266492	0.000987677186429054	0.0503144453410361	Up
LOC113690594	3566.58668609719	-0.5779210573802	0.175487264749833	-3.29323645339199	0.000990411439856956	0.0503809294052488	Down
LOC113695662	24.9717664226186	1.5670236650864	0.476055370484208	3.29168361968596	0.000995895796692941	0.0505869144452731	Up
LOC113725548	428.223248243413	0.717931727207814	0.218317660619146	3.28847297635826	0.00100732454398111	0.050994238289571	Up
LOC113741905	187.933226353089	0.661684711366581	0.201189356658428	3.2888653870988	0.00100592121772531	0.050994238289571	Up
LOC113742174	825.64963340854	-3.51916292130818	1.07036700267963	-3.28780961342986	0.00100970096238853	0.050994238289571	Down
LOC113698720	1568.01662497196	0.53161945404986	0.16168207671737	3.28805433999442	0.00100882365526113	0.050994238289571	Up
LOC113725759	1182.39837085136	-0.529789279727748	0.161184847915065	-3.28684294200479	0.00101317323965295	0.0510963992049295	Down
LOC140035272	3458.48933065558	0.469971986930342	0.143017538633105	3.28611435647763	0.00101579761506286	0.0511555678945656	Up
LOC113693569	558.355504710484	-0.609703339869857	0.185583410822025	-3.28533319421833	0.00101861836114791	0.051224442891849	Down
LOC113691732	515.001886443989	0.547329307042392	0.166620571896513	3.28488433818564	0.00102024244053319	0.0512330292217607	Up
LOC113712263	1205.87376439447	1.40187192026593	0.426830912446832	3.28437299030106	0.00102209555213537	0.0512530759656842	Up
LOC113726051	475.742961916603	-0.657537891409471	0.200242495981766	-3.2837080270381	0.0010245100216295	0.0513011751171636	Down
LOC113730260	500.744737176544	-0.479441441427103	0.146033787114939	-3.2830857221401	0.00102677438002452	0.0513416318363468	Down
LOC113708062	103.886982504345	1.00227392621782	0.305329609206769	3.28259656448542	0.0010285575106511	0.0513579452768735	Up
LOC140035370	385.054558693982	0.532829152342031	0.162401037622628	3.28094672387605	0.00103459284439854	0.0515862333108024	Up
LOC113742016	2181.43060153755	-0.689550723484199	0.210234742735858	-3.2799085180253	0.00103840752048718	0.051703307785613	Down
LOC140014483	72.4067352018059	2.28382422286348	0.696678530381594	3.27816076320387	0.00104485870065243	0.0519511409244	Up
LOC113705692	111.747667685665	0.934320507103393	0.28507277922959	3.27748061259442	0.00104737922980912	0.0520031163510299	Up
LOC113696695	2413.6360254287	-0.589592354007254	0.180040055932064	-3.27478433038106	0.00105742667864757	0.0524281368153083	Down
LOC113739645	14128.9816129919	0.469446020832468	0.143394790411727	3.27380108778397	0.00106111277702666	0.0525370050782917	Up
LOC113706918	6442.30996657295	0.72466262509967	0.221419416276025	3.27280523672004	0.00106485825772077	0.0526485039287135	Up
LOC113734655	299.82924447912	-1.66031883896543	0.507463714524436	-3.27179814328475	0.00106865845718759	0.0527623920627126	Down
LOC113710693	725.908493585019	-0.627948568481495	0.192062607852268	-3.2694993341156	0.00107737990896123	0.0531185965744075	Down
LOC113690987	299.786404438547	0.54698488969299	0.167350767448896	3.2684934645431	0.00108121674477059	0.0532333138081743	Up
LOC113718982	6619.6830464044	0.389669538952328	0.119260377669764	3.26738474727403	0.00108546052805639	0.0533677190167977	Up
LOC113740209	13.6701413456946	-2.62213301616884	0.80277920728878	-3.26631904807868	0.00108955416919754	0.0534943782347515	Down
LOC113737146	1228.48172667927	0.541215835942247	0.16579861426383	3.2642964981663	0.00109736262477412	0.0538028195389951	Up
LOC113692870	26032.0963577474	0.992238149067106	0.304134172889639	3.26250134813742	0.00110433647558776	0.0539945484568927	Up
LOC113716623	1730.99566578551	-0.885660802891483	0.271455816578083	-3.2626333598445	0.00110382223991259	0.0539945484568927	Down
LOC113728072	1795.80060087722	-0.281704320074488	0.0863603114584169	-3.26196507767495	0.00110642773112926	0.0540218703293194	Down
LOC113738017	475.577855412013	-1.47646955251433	0.453108804961036	-3.25853202663165	0.0011199023485808	0.0544535139202348	Down
LOC113696225	5491.6308308813	-0.376545461118184	0.115547785305119	-3.25878561950682	0.00111890183831266	0.0544535139202348	Down
LOC113708585	433.426164246708	1.07701073899253	0.330518752404704	3.25854654586674	0.00111984504293699	0.0544535139202348	Up
LOC113726819	606.319003290019	-0.749649824546232	0.230086999639021	-3.25811465107695	0.00112155083847657	0.0544585539366059	Down
LOC113688549	444.215978692533	0.72143480719347	0.221593179359734	3.25567244117336	0.00113124178262143	0.0548535561498906	Up
LOC113711663	119.823237634932	0.858753780935766	0.263813660862019	3.25515281555081	0.00113331367350477	0.0548785351900966	Up
LOC113726125	472.348117297972	-0.56977855529788	0.175086549109168	-3.25426800743339	0.00113684972191009	0.0549742474578525	Down
LOC113724923	111.987059965937	-1.41442100864058	0.435346912025374	-3.24895151331209	0.0011583122013869	0.0556214837547895	Down
LOC113725859	188.647317659423	-1.33034278620905	0.409510436700398	-3.24861753690137	0.00115967287327125	0.0556214837547895	Down
LOC140007335	92.4150744081539	0.753181355115829	0.231846070149812	3.24862679203122	0.00115963514653908	0.0556214837547895	Up
LOC140013999	422.797988100379	1.08730842823226	0.334552443884387	3.25003881486519	0.00115389258026265	0.0556214837547895	Up
LOC113716952	202.489038842298	-1.26263487919088	0.388640064309624	-3.2488541330236	0.00115870879137291	0.0556214837547895	Down
LOC113715429	857.728395909237	-0.718749382986547	0.221248244276521	-3.24861056112263	0.00115970130942274	0.0556214837547895	Down
LOC113701857	2271.16381206723	-0.338213430317969	0.104175627832459	-3.24656963778421	0.00116804868492668	0.0559457231535806	Down
LOC113705254	919.058749772181	0.966556120569627	0.297914727024464	3.24440530424082	0.00117696144357968	0.0562961259281831	Up
LOC113731752	271.644265304852	0.661395437921822	0.203902350114903	3.24368717451816	0.00117993256978708	0.0563210897752329	Up
LOC113734021	2871.09632951224	-0.377025143772453	0.116267026004131	-3.24275210891742	0.00118381161428528	0.0563210897752329	Down
LOC113741448	93.156277016498	-1.19500791581763	0.368556919040085	-3.24239718231325	0.00118528708128606	0.0563210897752329	Down
LOC113743201	649.025943679901	0.500728897346637	0.15443381038152	3.24235279897331	0.00118547170694493	0.0563210897752329	Up
LOC113706712	837.306866503405	-0.363026851146006	0.11196279206639	-3.24238833674979	0.00118532387490944	0.0563210897752329	Down
LOC113731548	3235.41993908723	-0.424148515439463	0.130842149091643	-3.2416810514354	0.00118826928632687	0.0563422254207685	Down
LOC140036594	354.466704534167	-0.62552763788901	0.192978964705209	-3.24142913112087	0.00118932001278823	0.0563422254207685	Down
LOC140009702	388.976678661075	0.633343260733626	0.195410222170932	3.24109585311058	0.00119071139051607	0.0563422254207685	Up
LOC113710358	1868.93595603351	0.492265272137497	0.151901204377658	3.24069367424911	0.00119239241966664	0.0563461361636574	Up
LOC140036911	222.645468714039	1.51053610601871	0.46629219477401	3.23946255791564	0.00119755188405276	0.0564137634866711	Up
LOC113743226	1038.43245218397	0.378243381280745	0.116770355362998	3.23920724660741	0.00119862444262784	0.0564137634866711	Up
LOC113702298	745.09373553775	-0.331946714900301	0.102462711985621	-3.23968308536361	0.00119662616565716	0.0564137634866711	Down
LOC113691399	476.317326629621	0.396973041290156	0.122616751931628	3.23751065850702	0.00120577435389121	0.0566746100311638	Up
LOC113725078	195.306673544663	0.905998309932627	0.279907105749639	3.23678210135541	0.00120885677877784	0.0567438337756011	Up
LOC113727094	1705.85791093553	-0.374259577024375	0.115642897627423	-3.23633863127644	0.00121073660165174	0.0567564982465786	Down
LOC113726507	1817.65348907821	0.523593936395493	0.161818858557348	3.23567933344389	0.00121353628726681	0.0568121928269982	Up
LOC113716790	380.514590058292	-0.716960953482494	0.221661692994838	-3.23448289055155	0.00121863221882979	0.0569750967880472	Down
LOC140006750	1297.52720608337	0.364826994468211	0.112817217393346	3.23378827183988	0.00122159982444489	0.0570381947169952	Up
LOC140006191	59.1548901403427	-2.02763272837714	0.627207734326384	-3.23279292873325	0.00122586384493902	0.0570889701469349	Down
LOC113736915	133.677450723631	-1.10174657842252	0.340844623344848	-3.23240122613826	0.00122754565333532	0.0570889701469349	Down
LOC140013008	2710.51437460915	0.58549355478898	0.181124406090771	3.23254920430524	0.00122691004619479	0.0570889701469349	Up
LOC113723052	2334.16621996762	0.424060586976387	0.131263054972777	3.23061646755314	0.00123523567519118	0.0573709196598674	Up
LOC113726702	1584.5489637539	0.572667806946821	0.17737108323918	3.22864243984232	0.001243793005248	0.0576062225468792	Up
LOC113691650	1761.76945039714	0.538950578469849	0.166927410169036	3.22865237005768	0.00124374982150697	0.0576062225468792	Up
LOC113708776	3018.38901640497	0.82133254064934	0.254414998341588	3.22831808660347	0.00124520428857148	0.0576062225468792	Up
LOC113725350	542.23588654224	-0.534218750999325	0.165544012262456	-3.22704967517863	0.00125073744375887	0.0576482564689645	Down
LOC113738227	954.046316273879	0.3537801296971	0.109612888333128	3.22754135099437	0.00124858993132236	0.0576482564689645	Up
LOC113707616	1243.08210316132	0.877995470352956	0.272079165828027	3.22698530657769	0.00125101884144893	0.0576482564689645	Up
LOC113736588	3135.09950627172	1.54724916262158	0.479594671263362	3.226160037487	0.00125463182107878	0.0577392701784194	Up
LOC113731697	1920.26130738863	0.513366385956267	0.159178816994817	3.22509235618319	0.0012593203622517	0.057849693906441	Up
LOC113727096	2605.35025811309	0.406736483934913	0.126125052719594	3.22486671097126	0.00126031331329135	0.057849693906441	Up
LOC113731461	4480.98519238145	0.55371497825192	0.171730394942421	3.22432716955885	0.0012626904949055	0.057883439956318	Up
LOC113701797	1626.00531545647	-0.319904820840958	0.0992485370355772	-3.22326988786024	0.00126736081244989	0.0579082512851839	Down
LOC113704050	446.592215546058	-0.718863131732573	0.223035432793618	-3.22308936624325	0.00126815982049705	0.0579082512851839	Down
LOC113705493	63.6651273024983	1.2846612111517	0.398576069364943	3.22312680035851	0.00126799409487697	0.0579082512851839	Up
LOC113691391	635.920004678516	-0.502142084461328	0.1558354557369	-3.22225826007852	0.00127184438820157	0.0579434422679188	Down
LOC140016882	371.201657783754	-0.817892320812315	0.253832438963919	-3.22217414035317	0.00127221786892571	0.0579434422679188	Down
LOC113712377	1683.8286181945	-1.2128594444766	0.376493165654261	-3.2214647040642	0.00127537170446893	0.0580121333237919	Down
LOC113695447	1327.75672410057	-0.431206604894482	0.133906098635989	-3.22021632537199	0.00128093896656052	0.0581902840840095	Down
LOC113730988	3783.88682483632	-0.402599475701658	0.125064410985366	-3.21913702331165	0.001285770288043	0.058285931106485	Down
LOC113731924	1577.74535633367	0.716561930221096	0.222614576062932	3.21884551718898	0.00128707805005847	0.058285931106485	Up
LOC113740283	24.0239285523274	-1.91156344518312	0.59390424462316	-3.21863913667772	0.00128800466163485	0.058285931106485	Down
LOC113727959	565.995129687788	0.81989621127946	0.254835892128165	3.21734981847498	0.00129380742298515	0.0583508538419256	Up
LOC140004290	847.178350391806	0.456214339655211	0.141823515499924	3.21677500411034	0.00129640222609686	0.0583508538419256	Up
LOC113738231	1142.01358678778	-0.428978904073932	0.13334336878364	-3.21709964272753	0.00129493616623872	0.0583508538419256	Down
LOC113700126	5876.47668677398	0.342532629370909	0.106492859724888	3.21648446906019	0.00129771557392686	0.0583508538419256	Up
LOC113716983	1256.97451155001	-0.425332673650719	0.132181278048895	-3.21779816271245	0.00129178685458551	0.0583508538419256	Down
LOC140013128	808.381859444194	-0.681966887761259	0.21208376059943	-3.21555448580202	0.00130192777330312	0.0583912949929792	Down
LOC140015280	482.6442487042	-0.946919033352067	0.294454420012016	-3.21584248357836	0.0013006219900346	0.0583912949929792	Down
LOC113698028	1407.28298047608	0.558826078956212	0.173956450536641	3.21244815718119	0.00131608898917456	0.0589514219140806	Up
LOC113692394	203.25542957733	0.997229348828475	0.310479282928569	3.21190302754566	0.00131858875329194	0.0589884400140199	Up
LOC113712109	92.3198133349936	-2.32056813920531	0.722674389295404	-3.21108395921963	0.00132235293759508	0.0590818577390388	Down
LOC113698736	75.508779376046	-1.93006464057769	0.60149598678538	-3.20877392863862	0.00133302260448357	0.0594831808269048	Down
LOC113698188	250.653047209446	0.911569443767595	0.284128178442251	3.20830355076123	0.00133520491607289	0.0595052385605581	Up
LOC113731941	2928.27790977887	-0.397722080929094	0.124066940038554	-3.20570557156887	0.0013473176988031	0.0599692468664226	Down
LOC113730383	357.112163530443	-0.88897957393138	0.277448919072961	-3.20411979582305	0.00135476093673348	0.060038417816263	Down
LOC113695945	943.86730474656	-0.408532271818105	0.127497912846129	-3.20422713359348	0.00135425592547134	0.060038417816263	Down
LOC113702704	651.857773753921	-0.482660131733411	0.150646577328498	-3.20392364893182	0.00135568423300083	0.060038417816263	Down
LOC113713370	1035.6341004105	0.808439636866141	0.252263435174647	3.20474362963639	0.00135182830123875	0.060038417816263	Up
LOC113726952	359.829362342995	0.578521872173573	0.180646940004683	3.20250025911635	0.00136240177637034	0.060260210063497	Up
LOC113690572	678.798920774822	-1.65609339123686	0.517184828861393	-3.20213064811439	0.00136415113229007	0.0602619745808138	Down
LOC113688388	146.440383933606	0.584648316193549	0.182642104381292	3.20105989894318	0.00136923065236644	0.0604106620240574	Up
LOC113706288	1653.55675295827	0.578894617125979	0.180931156509426	3.19952974542458	0.00137651982045583	0.0606563458883862	Up
LOC113702240	147.020815066015	0.837655102149316	0.261871670552104	3.19872363583005	0.00138037424920892	0.0606745050288191	Up
LOC113699315	2378.27611052595	0.458835848480209	0.143428239454537	3.19906212490077	0.00137875454642474	0.0606745050288191	Up
LOC113734502	851.298008967548	0.419580354048367	0.131225478968441	3.19740005787499	0.00138672455808354	0.060877726178781	Up
LOC113696108	535.358304751583	-0.380731272524897	0.119172743884932	-3.19478481499522	0.00139935133983402	0.061355638596802	Down
LOC113724975	226.463498885568	0.574005353198164	0.179786541852811	3.19270478914988	0.00140946961259732	0.0617225127742619	Up
LOC113708283	2802.30015967769	-0.389919943374377	0.122214721783194	-3.19044987121999	0.00142051481898549	0.0618478471804727	Down
LOC113714539	857.510577300986	0.462364095716979	0.144908987517291	3.19072062843451	0.00141918437316537	0.0618478471804727	Up
LOC113730317	864.946363712901	-0.46872292309149	0.146946937992922	-3.18974270232203	0.00142399512842894	0.0618478471804727	Down
LOC113727553	611.67393936638	0.527619770641777	0.165417474669953	3.18962535061366	0.00142457343106143	0.0618478471804727	Up
LOC113731082	3411.84135477836	0.550973241492999	0.172708628531437	3.19018943163403	0.00142179565096749	0.0618478471804727	Up
LOC140036896	504.447672570253	0.611579486084431	0.19174070682	3.18961735474649	0.00142461284212368	0.0618478471804727	Up
LOC113690717	3112.19456276729	0.419834261602925	0.131608311624442	3.19002847480458	0.00142258776277941	0.0618478471804727	Up
LOC113696790	1192.77689555251	-0.376305488731849	0.117999289872102	-3.1890487573249	0.00142741799703495	0.0618627089143843	Down
LOC113700068	661.489428536785	-0.430184930391307	0.134903400648852	-3.18883681450745	0.00142846491138968	0.0618627089143843	Down
LOC140003932	1214.9581506992	0.310080614036144	0.0972673986557479	3.18791926505192	0.00143300541615457	0.0619831986874614	Up
LOC113742723	146.323746525829	0.971428741235896	0.304844942173099	3.18663230661145	0.00143939636487693	0.0621833341355902	Up
LOC113719546	56.8037524587955	-1.44485591926593	0.453647899063213	-3.18497213863343	0.00144767945303684	0.0624646218830535	Down
LOC113706946	4950.50658903929	-1.24769367690483	0.391880011924698	-3.18386658910428	0.00145321972489899	0.0626270192446691	Down
LOC113717565	2275.54898019191	-0.552945712371393	0.17370126840337	-3.18331418909009	0.00145599529821979	0.0626700198447423	Down
LOC140035027	271.403919368159	-0.420546154812196	0.132155695566298	-3.18220227293362	0.00146159702112607	0.062834412425288	Down
LOC113728946	609.188228956722	-0.484741635348008	0.152384620307311	-3.18104041188959	0.001467471576194	0.0630101193714869	Down
LOC113695446	35.3295191749126	2.03389096409769	0.639476839801006	3.18055453694085	0.00146993468361994	0.0630390966751463	Up
LOC113720559	38.0567118118148	1.25342857490344	0.394144117772327	3.18012756853437	0.00147210231302796	0.0630553471918126	Up
LOC113722976	268.84001486386	0.650311804723591	0.204519297845611	3.17970876867817	0.00147423133364564	0.0630699065214515	Up
LOC113719001	404.231977130594	0.432986980718845	0.136323500722165	3.17617269528089	0.00149232083837197	0.0637664172051984	Up
LOC140005993	1576.49434215558	-0.272157302777751	0.085706061320343	-3.17547322307241	0.00149592327033017	0.0638429626218876	Down
LOC140004092	1520.28461299114	-0.40644974408366	0.128018976793308	-3.17491792439405	0.00149878888085892	0.0638879149069392	Down
LOC113730660	489.110049584679	0.369843107033498	0.116528368870589	3.1738460824439	0.00150433441212546	0.0639234105742806	Up
LOC113702033	671.640475709594	-0.493106765262499	0.155372550413749	-3.17370580549384	0.00150506157882256	0.0639234105742806	Down
LOC113712216	57.0253689899077	1.45263619076194	0.457701926219217	3.17376027398714	0.00150477918697029	0.0639234105742806	Up
LOC113709404	153.501377141603	-1.95183331052691	0.615338823488999	-3.17196516133978	0.00151411169700773	0.0642304037820897	Down
LOC113716646	114.629797825693	-1.9271473561072	0.607635686153683	-3.17155065119034	0.00151627423399689	0.0642448308856473	Down
LOC113715484	257.19773642853	-0.720221266877257	0.227167574679946	-3.170440446406	0.00152208029571056	0.0642976296437397	Down
LOC113727150	99.5922752272907	-1.62128332121027	0.511402860142793	-3.17026643292058	0.00152299219200393	0.0642976296437397	Down
LOC113739484	57.3617872712223	-1.72446039878933	0.543943633802433	-3.17029245610342	0.00152285578871782	0.0642976296437397	Down
LOC113725257	822.52882125815	-0.530312673781012	0.167322837048837	-3.16939805190028	0.00152755036229456	0.0644129250856551	Down
LOC113734402	2029.10824144583	0.954882217647327	0.301324671080108	3.16894801286772	0.00152991757736185	0.0644356683837038	Up
LOC113737829	73.3563589339729	-2.12437320962072	0.670714551085378	-3.16732834584097	0.00153846505085555	0.0645476324194307	Down
LOC113715333	3947.20078741561	0.545939869228787	0.172330321972114	3.16798496620419	0.00153499457929153	0.0645476324194307	Up
LOC113717288	75.4977336749684	0.904236512108638	0.285457394622697	3.16767590940782	0.00153662715492186	0.0645476324194307	Up
LOC113718977	1420.27760823546	-0.363288736335317	0.114708611263541	-3.16705722729628	0.00153990011530527	0.0645476324194307	Down
LOC113716353	540.291369202929	0.888617164725018	0.280618802015063	3.16663444624541	0.00154214040877928	0.0645647668530728	Up
LOC113692024	80.6264580168105	-1.04680724827252	0.330908473811175	-3.16343439687752	0.00155919488264645	0.0652013499443091	Down
LOC113733282	4488.15914392922	-0.479878883202137	0.151748829633915	-3.16232345488145	0.00156515607869367	0.065373083040414	Down
LOC113699374	1900.52830556826	1.08155751720187	0.342149065693946	3.16107108171772	0.00157190133837294	0.0655771195033408	Up
LOC113703138	1984.22045959858	0.572673155087256	0.181186679075337	3.16068023328106	0.00157401191479987	0.0655875508516845	Up
LOC140036492	58.2621016525039	1.11196182261167	0.352194843916236	3.15723481424997	0.00159273032572005	0.0662089728633212	Up
LOC113688222	1518.83007431825	-0.718290342398199	0.227530931613431	-3.15689096557015	0.00159460960308471	0.0662089728633212	Down
LOC113691676	787.27588212828	0.465665056160046	0.147529688520118	3.1564159107985	0.00159720933511224	0.0662089728633212	Up
LOC113709724	7010.98257061163	0.465173985620444	0.14738354245347	3.15621390201897	0.00159831600779208	0.0662089728633212	Up
LOC113715744	3980.89931759754	-0.490986855816406	0.155558499628415	-3.15628433669157	0.00159793006261664	0.0662089728633212	Down
LOC113726071	540.188114716419	0.828205495409795	0.262447529091471	3.15569934408161	0.00160113812052612	0.0662190292252839	Up
LOC113731498	2095.92688159192	0.505167811514041	0.160091976187625	3.15548488777471	0.00160231566802358	0.0662190292252839	Up
LOC113701148	29.1839205728353	2.26789154661732	0.718855844567196	3.1548627777837	0.00160573609279579	0.0662826800272098	Up
LOC113688915	3852.6978168079	-0.907755677485586	0.287929494974901	-3.15270124571544	0.00161767273015733	0.0665416558734029	Down
LOC113690511	538.312596847694	0.602904566612338	0.191217605136878	3.15297624494755	0.00161614957963188	0.0665416558734029	Up
LOC113698403	158.693024111363	-0.773138733027284	0.245214777630175	-3.15290432533926	0.00161654779646	0.0665416558734029	Down
LOC113717586	26.1345876759685	-2.50200502231641	0.793728011310068	-3.15221963527127	0.00162034343092947	0.0665738305677454	Down
LOC113738507	1294.9303248763	0.553680568247236	0.175699044617395	3.15130096155582	0.00162544905907115	0.0666282909655537	Up
LOC113715625	1008.80366259462	0.346027025200615	0.109793590557854	3.15161407366746	0.00162370724393406	0.0666282909655537	Up
LOC113700364	582.800643177212	0.408501548221697	0.129753539348724	3.14828828771918	0.00164229638951601	0.067240687947989	Up
LOC140005986	6327.29772539872	-0.441459174473076	0.140272337255749	-3.14715775832688	0.00164865983706339	0.0674229194619008	Down
LOC113730811	1963.93947896836	-0.665065521405574	0.211438396971177	-3.14543399369526	0.00165840612800851	0.0676682237003353	Down
LOC113703128	354.594875696765	0.754193146051223	0.239775179364042	3.14541792045188	0.00165849725624333	0.0676682237003353	Up
LOC113708613	1405.67744102031	0.848716575155946	0.269860961411977	3.145014272221	0.00166078727576994	0.0676833214398174	Up
LOC113705339	581.075289408309	-0.417271546352244	0.132698668903693	-3.14450438576051	0.00166368417576918	0.0677230884113337	Down
LOC140003877	8063.65138866007	-0.697559421892207	0.221933939904117	-3.14309484251744	0.00167171664808625	0.0679715747154978	Down
LOC113728446	64.8473627831185	1.03166838373975	0.328323468027482	3.14223162278913	0.00167665342215098	0.0680009768874446	Up
LOC140004186	967.965040913231	-0.662200218700624	0.210782998646579	-3.14162063806169	0.00168015576049484	0.0680009768874446	Down
LOC113694108	10968.6517893896	-0.720617795091459	0.229336515134063	-3.14218516257739	0.00167691950917687	0.0680009768874446	Down
LOC113695101	21.6405388740587	-2.54130551032459	0.808889188866064	-3.1417226800708	0.0016795703588957	0.0680009768874446	Down
LOC113706787	9867.26846196915	0.530114774662416	0.168786507104294	3.14074142392707	0.00168520747796144	0.0681272179049275	Up
LOC113709717	644.553349312583	-0.794209163085879	0.252914578895653	-3.14022689618677	0.00168817028705429	0.068168818968199	Down
LOC140034944	310.161942756133	-1.10821215575352	0.353115454875964	-3.13838474201813	0.00169881730977334	0.0684419517761484	Down
LOC140038902	256.356232543767	0.763791570958874	0.243365229016747	3.13845808641099	0.00169839222632456	0.0684419517761484	Up
LOC113717897	310.113799581963	0.841545798836251	0.268294606291353	3.13664821842292	0.00170891034280152	0.0687699856215057	Up
LOC113714687	191.478541035614	-1.09250409132135	0.348379210787368	-3.13596235794954	0.00171291187607349	0.0688524167107671	Down
LOC113730594	1429.82527868505	0.286035947959535	0.0912336208037567	3.13520328843242	0.00171735057989819	0.0689522125769603	Up
LOC140003727	875.79721426173	-1.07105236440112	0.342115725546228	-3.13067270640968	0.00174406414869374	0.0699451073603547	Down
LOC113731347	32.0780867365134	4.01661413574361	1.28374541295413	3.1288245279885	0.00175507083012783	0.0699884127869529	Up
LOC140035201	2180.6981938789	0.617276065312108	0.197218326898787	3.12991229070154	0.00174858503727915	0.0699884127869529	Up
LOC113735078	208.637140578204	0.735413091175299	0.235006357602368	3.12933274945532	0.0017520378081067	0.0699884127869529	Up
LOC113701800	9124.1638216584	0.576957057037995	0.18434955985564	3.12969045052126	0.00174990596930765	0.0699884127869529	Up
LOC113709505	653.388218276377	0.586476863875855	0.187439936028233	3.12887891611058	0.0017547460159806	0.0699884127869529	Up
LOC113726544	2825.5714697183	0.517120432070808	0.165340636284979	3.1276063990676	0.0017623601809127	0.0701996848559711	Up
LOC140014242	218.736475414425	1.38093124329039	0.441774291669787	3.12587506636215	0.00177276847169942	0.0705345758062617	Up
LOC113742818	318.555528939178	-0.61073315788654	0.195444024383268	-3.12484947960795	0.0017789606351552	0.0707011502936765	Down
LOC113729379	342.030245051362	0.834244989615903	0.267119675916221	3.12311321415931	0.00178948898718485	0.0710394884867572	Up
LOC113732218	3097.63058441623	-0.492635066946895	0.157820396591404	-3.12149175636862	0.00179937285678875	0.0711741709902894	Down
LOC113705489	2094.82924532346	0.328837349227128	0.105354966866314	3.12123252475028	0.00180095769100585	0.0711741709902894	Up
LOC140016230	349.602470859525	0.679649449406152	0.21770872394334	3.12182919037749	0.00179731184587915	0.0711741709902894	Up
LOC113717986	111.325437574841	-1.13325779702077	0.363029481988789	-3.12166877139683	0.0017982913971771	0.0711741709902894	Down
LOC113711728	2297.3411922135	-0.549710367804474	0.176151463415423	-3.12066875373085	0.00180440878227853	0.0712307036874388	Down
LOC113695158	28.2322750825257	-1.45920880483355	0.467776395839124	-3.11945796712537	0.00181184109448413	0.071444096490777	Down
LOC113734847	3541.30049563466	-0.772308113047663	0.247706277861865	-3.11783827085056	0.0018218274576819	0.0715178859000027	Down
LOC113704104	644.588968147755	-0.848292261303011	0.272063252177863	-3.11799647513011	0.00182084981263197	0.0715178859000027	Down
LOC113722503	1898.80935578275	0.363947210339632	0.116718991046153	3.11814904393511	0.00181990744945113	0.0715178859000027	Up
LOC113713360	568.140791105317	0.544668635641825	0.174686329607136	3.11798087959584	0.00182094616595071	0.0715178859000027	Up
LOC113730483	2248.5092504769	-0.660920551475093	0.212027175498319	-3.11715019511889	0.00182608512988602	0.0716052869841401	Down
LOC113707508	53.9496662569972	-1.54151456994164	0.494619810482286	-3.11656455579198	0.0018297161474855	0.0716679484790654	Down
LOC113739376	114.598668656768	0.958192362539842	0.307513300729773	3.11593794566256	0.00183360853374981	0.0717406970385664	Up
LOC113731816	565.169639932492	0.552159562592048	0.177318988477016	3.11393363640589	0.00184611008057848	0.0720698477968466	Up
LOC113690509	360.789348106187	1.09778966431885	0.352517873229195	3.11413902013731	0.00184482544173176	0.0720698477968466	Up
LOC113724996	1121.49313318487	0.285151251862655	0.091610681889883	3.11264195375611	0.00185420818353387	0.0721462989910993	Up
LOC113687952	203.879183755106	-0.644494444381885	0.207056756703385	-3.11264628425114	0.00185418097939623	0.0721462989910993	Down
LOC113717932	3322.61544623849	-0.436210361814295	0.140139381282016	-3.11268936557145	0.00185391036283048	0.0721462989910993	Down
LOC113701802	40.8069626769497	3.56691195594438	1.14703018698055	3.10969318543737	0.00187281769486527	0.072790043417189	Up
LOC113732977	1705.19859625714	-0.711405823558243	0.228797005833299	-3.1093318768191	0.00187510965428899	0.0727988607191579	Down
LOC113739401	649.736480257554	-0.88175563794723	0.283645916988641	-3.10864914717789	0.00187944758202939	0.072887003478218	Down
LOC113736387	521.278150737373	-0.368729432002866	0.118658678763463	-3.1074796706434	0.00188689962692347	0.0730955886245122	Down
LOC113733947	1493.37201918638	0.551011981081454	0.177409134485656	3.10588280969268	0.00189711884914104	0.0732499821138227	Up
LOC113735012	225.44388072852	-2.19007834961558	0.705019945291065	-3.10640622899173	0.00189376360438476	0.0732499821138227	Down
LOC140005198	3090.59102173427	0.299330046751793	0.0963702322208892	3.10604260105653	0.0018960939691935	0.0732499821138227	Up
LOC113728012	450.996245589156	0.361699848371817	0.116488892420892	3.10501577322017	0.00190268877816101	0.0733044642707452	Up
LOC113708092	578.209667333356	0.809721116470966	0.260755448702608	3.10528934486218	0.00190092970686053	0.0733044642707452	Up
LOC113731072	1037.94756322433	-0.463815048042316	0.149433841493013	-3.10381532996997	0.00191042533975369	0.0734958019845722	Down
LOC113736430	6893.18510973443	1.06988496927274	0.34472400927381	3.10359864845662	0.00191182487291083	0.0734958019845722	Up
LOC140036870	864.672991308219	-0.51488409488442	0.165987126192834	-3.10195198081964	0.00192249140722773	0.0737450131529838	Down
LOC113718214	51.6322129815484	1.78085201053395	0.574048776516992	3.10226601533612	0.00192045299441965	0.0737450131529838	Up
LOC113689712	2312.97808443172	0.258586373594354	0.0833995824985168	3.10057155980311	0.00193147536811354	0.0740090974747159	Up
LOC113706463	134.686647952879	1.60589173584673	0.51813458197472	3.09937184606813	0.00193931455517094	0.0741482827536723	Up
LOC113717405	1798.18526735013	-0.316927884284853	0.102245650314286	-3.09967106972931	0.00193735663383039	0.0741482827536723	Down
LOC140016781	580.075925678228	-0.403769390274584	0.130318404587713	-3.09832975282337	0.00194614751271667	0.0743289188713847	Down
LOC113703548	10749.0254369655	-0.397139330972747	0.128231778504059	-3.09704299203941	0.00195461523984305	0.0745715329382545	Down
LOC113732399	258.027020022548	0.516928658353803	0.166994547926583	3.09548224640882	0.00196493135622527	0.0748031967274874	Up
LOC113740402	2160.97944061059	0.324348231648962	0.104773660773306	3.09570391313081	0.00196346315879749	0.0748031967274874	Up
LOC113732458	145.116964647812	-0.997174214734747	0.322481069284388	-3.09219458043711	0.00198682568415245	0.0753604436003488	Down
LOC113702278	89.4339806417972	1.64751035852339	0.532790880354287	3.09222702428363	0.00198660853360085	0.0753604436003488	Up
LOC113701432	56.7775767693446	-2.15494640985087	0.696858251239427	-3.09237410336765	0.0019856243888663	0.0753604436003488	Down
LOC113715409	677.375658581603	-0.511517886123663	0.165432626389447	-3.09200124115476	0.0019881201789494	0.0753604436003488	Down
LOC113733263	1188.49498711439	0.341868928799141	0.110580774509041	3.09157654499146	0.00199096643207173	0.075387270315137	Up
LOC113699256	336.940041621215	0.737739719291232	0.238722637810431	3.09036346974797	0.00199911689980787	0.0756146662575398	Up
LOC113709890	216.086476326585	0.915230396877118	0.296455625328268	3.08724246964002	0.00202022736710159	0.0760092348185069	Up
LOC113743186	45.6644663054765	-2.86409044353275	0.927714008539632	-3.0872557891427	0.00202013684087	0.0760092348185069	Down
LOC113743428	1125.00129891972	0.540808717287388	0.175105043816429	3.08848166506467	0.00201182107305218	0.0760092348185069	Up
LOC113703279	23.8408123453586	-1.80977936259585	0.586171944759444	-3.08745476267813	0.00201878495685028	0.0760092348185069	Down
LOC113718840	581.979695848422	-0.404749761673472	0.131104613367829	-3.08722745352904	0.00202032942882506	0.0760092348185069	Down
LOC113709443	348.177974580269	0.614862072838533	0.199201215257611	3.08663816153622	0.00202433847557889	0.0760788698732484	Up
LOC140007824	1608.46021847656	0.392169942098803	0.127094569505019	3.08565459268751	0.00203104611373005	0.0761995099648854	Up
LOC113694823	1377.45686561776	0.440040027604058	0.142634197444789	3.08509484742878	0.00203487250435045	0.0761995099648854	Up
LOC113712269	1506.81813016201	-0.978048082472082	0.317043522255504	-3.08490164225427	0.00203619478006701	0.0761995099648854	Down
LOC113713457	145.047896899063	1.03997156910654	0.337096446242697	3.08508612504861	0.00203493218240924	0.0761995099648854	Up
LOC113708043	599.40422605018	0.666634863275563	0.216170448733413	3.0838390130636	0.00204348140432085	0.0763910991146538	Up
LOC113698383	25.8271900228243	-2.08576557110016	0.676509249610128	-3.08312942107176	0.00204836050791307	0.0764114334655573	Down
LOC113702972	902.14076735676	1.58954772955264	0.515539085818904	3.08327297246092	0.00204737259731341	0.0764114334655573	Up
LOC113725635	980.453688615884	-0.324559795741321	0.105293136052969	-3.08244020368097	0.00205310974719284	0.0765076372178033	Down
LOC113712460	2615.24103089743	0.470483122945419	0.152674419352351	3.08161069117684	0.00205883912331466	0.0766401233105473	Up
LOC113733739	1639.46386371189	0.450718804935546	0.1463484239098	3.0797653496654	0.00207163739520028	0.0770351914088609	Up
LOC113743730	6096.91662086817	0.700093827645612	0.227352831496946	3.07932750622029	0.00207468472895474	0.0770672139779899	Up
LOC113703129	394.389045461832	0.832710376587707	0.270601022980484	3.07726248561803	0.00208911251010648	0.0772774335847573	Up
LOC113734690	697.112781767095	-0.599458654437534	0.194799192646913	-3.07731590820344	0.00208873810322253	0.0772774335847573	Down
LOC113741814	24.1695598710278	2.09026297887733	0.679074373819347	3.07810610952814	0.0020832072389289	0.0772774335847573	Up
LOC113702253	2988.2071220836	1.00394388039291	0.326191659380161	3.07777299487251	0.00208553717186637	0.0772774335847573	Up
LOC140009449	277.274876019166	-1.28832608229382	0.419141153177135	-3.07372843856579	0.00211401769094119	0.0780349231843547	Down
LOC140014874	1420.17019816551	0.442462635697535	0.143938030842481	3.07398005313651	0.00211223554692552	0.0780349231843547	Up
LOC113735054	1593.96266170015	-0.342037018941593	0.111292767161442	-3.07330860455138	0.00211699437541239	0.0780630603787004	Down
LOC113726561	9256.96595984582	-0.55826777096591	0.181797674867185	-3.07081909256409	0.00213472449141236	0.0785170988926603	Down
LOC113735148	668.284711585463	0.585845069952003	0.190789718382591	3.07063229045292	0.00213606035818741	0.0785170988926603	Up
LOC113741132	40.2520874821039	-1.35049744617715	0.439855341645545	-3.07032180426592	0.00213828241541548	0.0785170988926603	Down
LOC113698110	524.509000409481	0.490375001066244	0.159730227462698	3.07002005103111	0.00214044400419399	0.0785170988926603	Up
LOC140013055	545.283631841139	-0.387183375383086	0.126082794578108	-3.07086606605335	0.00213438869326153	0.0785170988926603	Down
LOC113703810	150.520757985561	-1.31952264706023	0.429934482759821	-3.06912494803858	0.00214686780552868	0.078670877214654	Down
LOC113724977	2035.22384294906	-0.446225124871546	0.145492161153027	-3.0670045817947	0.00216215542982867	0.0787639694588792	Down
LOC113733031	893.289028795052	-0.470053254134737	0.153202593128462	-3.06818079600385	0.00215366276404397	0.0787639694588792	Down
LOC113698165	18673.6276703973	0.65298802337822	0.212927292672671	3.06671829234238	0.00216422717744266	0.0787639694588792	Up
LOC113723074	1217.21639849898	-0.331350324857813	0.108051196027433	-3.066604878429	0.0021650484059246	0.0787639694588792	Down
LOC113702339	2195.15294596571	-0.415454617089489	0.135470761623063	-3.06674748198036	0.00216401586191492	0.0787639694588792	Down
LOC113703921	13481.816647631	0.533715989381683	0.173965198016549	3.06794689665982	0.00215534915657941	0.0787639694588792	Up
LOC113706439	83.5508065665428	-1.86334170061764	0.607447633767979	-3.06749355341034	0.00215862116696732	0.0787639694588792	Down
LOC140035434	190.836317782963	-0.812585856896658	0.26526541431364	-3.06329364119775	0.00218915131842577	0.0792089350677629	Down
LOC113734567	3737.95054132577	-0.44828349733225	0.14631900267041	-3.06374079340897	0.00218588213936781	0.0792089350677629	Down
LOC113696220	6120.91826071777	-0.380031810497338	0.124061294972741	-3.06325845285462	0.00218940877439784	0.0792089350677629	Down
LOC140008523	2754.87346694456	-0.399031268343252	0.130271521460312	-3.06307367773255	0.00219076113954013	0.0792089350677629	Down
LOC113704106	1819.21377274693	-0.423773412350918	0.138335963648044	-3.06336401016506	0.00218863654619026	0.0792089350677629	Down
LOC113716315	648.513434855829	0.495200270397532	0.161593311043056	3.06448495424163	0.00218045141691469	0.0792089350677629	Up
LOC113709648	2257.49337666046	-0.48792196755111	0.159325550600892	-3.06242134868467	0.00219554164717389	0.0792828545739822	Down
LOC113712755	509.182751651087	-0.796068239469293	0.259967708454168	-3.06218123859656	0.00219730366840975	0.0792828545739822	Down
LOC113700454	683.994183826314	0.447159925417265	0.146051063775255	3.06166839089485	0.00220107148574226	0.0792880353519685	Up
LOC113741863	827.877709055308	-0.945065792185052	0.30868871594743	-3.06154952663057	0.00220194560903146	0.0792880353519685	Down
LOC113690774	364.58815267111	-3.23596203330597	1.05724420757975	-3.06075172614446	0.00220782084273996	0.0794184697431318	Down
LOC140014269	799.516892606873	0.906056786048504	0.29613432246454	3.05961422677372	0.00221622256546591	0.079639426990626	Up
LOC113703997	286.703284247259	-0.716805006710844	0.234380622974542	-3.05829465599083	0.00222600579761159	0.0799095278792297	Down
LOC113691403	5619.31189221488	0.419844029761932	0.13731800000614	3.05745808811051	0.00223222855178968	0.0800513946161645	Up
LOC113727447	13.0445748880707	-3.16511032491928	1.03549208580184	-3.0566243511831	0.00223844610402247	0.0801113726487309	Down
LOC113697477	425.75566371648	0.703258568898622	0.230074299218301	3.05665852851888	0.00223819091661447	0.0801113726487309	Up
LOC140015460	1506.3283300832	0.610712639237595	0.199834143527074	3.05609756400238	0.00224238277024051	0.0801708695907896	Up
LOC113702044	180.763731233119	0.712707844013549	0.233275763009792	3.05521600194543	0.00224898485273198	0.0803254448110514	Up
LOC113715762	257.633129793148	0.571050347440435	0.187050172335485	3.05292606956932	0.00226621762761555	0.0808590119521288	Up
LOC113727138	1105.63442645248	0.530057943166583	0.173690352726971	3.0517408413569	0.0022751844376952	0.0810944595418364	Up
LOC113691555	45.6341809026357	-1.09389070244323	0.358518302452533	-3.05114326091638	0.00227971772965959	0.0810944595418364	Down
LOC113701826	603.056010526706	-0.8458702463465	0.277203444681127	-3.05144204582134	0.00227745009070272	0.0810944595418364	Down
LOC140004048	720.247579269911	0.58738541342826	0.192600344518012	3.04976304636531	0.00229021978855439	0.0813859153085882	Up
LOC140005383	68.7576853822471	-1.38807958908008	0.455718771914822	-3.04591268700146	0.00231975188541987	0.0815015538420529	Down
LOC113706358	67.3464624900744	-1.2799965860743	0.419928754282029	-3.04812798128761	0.00230271834413094	0.0815015538420529	Down
LOC113725726	1357.95019538385	0.629516070933181	0.20665163645376	3.04626704988151	0.00231701943602726	0.0815015538420529	Up
LOC113734284	2296.53335851791	-0.339515423355695	0.111483609882935	-3.04542904299752	0.00232348596861793	0.0815015538420529	Down
LOC113688113	1978.77435189165	-0.609156604372514	0.19995949084563	-3.04640005731354	0.00231599459285305	0.0815015538420529	Down
LOC140006580	709.953811700591	0.448915241997099	0.147382381282969	3.04592203009121	0.00231967980411945	0.0815015538420529	Up
LOC113690522	1357.6149899675	0.528391562388127	0.173532705357976	3.04491053313623	0.0023274953552392	0.0815015538420529	Up
LOC140009311	2153.42814344408	0.450036953772166	0.147660229117698	3.04778718319234	0.00230533128454297	0.0815015538420529	Up
LOC113699086	903.134703351522	-0.408078975865808	0.13400418046331	-3.04527048674827	0.00232471133572222	0.0815015538420529	Down
LOC113700968	2407.082551562	0.462843114541648	0.151836196717336	3.04830550651433	0.00230135831146228	0.0815015538420529	Up
LOC113713048	522.694299952464	-1.08243426484402	0.355316441487025	-3.04639509591494	0.00231603281375378	0.0815015538420529	Down
LOC113711950	626.972479256718	0.76300331137401	0.250502275513927	3.04589373413332	0.00231989811180667	0.0815015538420529	Up
LOC113713731	1603.3271765819	-0.551632808563328	0.181087802136764	-3.04621737109999	0.00231740232537402	0.0815015538420529	Down
LOC113715773	1513.66421626508	-1.14550444046072	0.376213493365395	-3.04482550642635	0.00232815343013013	0.0815015538420529	Down
LOC140021113	374.172274067056	-0.48220362891221	0.15829383625545	-3.04625650827013	0.00231710067856122	0.0815015538420529	Down
LOC113696412	564.186993137916	0.555184291854915	0.182424358383707	3.04336710718836	0.00233946745299961	0.0816881277056324	Up
LOC140034972	86.8725621027348	0.809807067911759	0.266111103119408	3.04311642174654	0.00234141729312806	0.0816881277056324	Up
LOC113736970	511.472696346682	0.62725406731544	0.206200727917677	3.04195855004868	0.00235044258449148	0.0816881277056324	Up
LOC113743395	2105.11431632262	0.467953173087895	0.153792499325342	3.04275679984859	0.00234421704355298	0.0816881277056324	Up
LOC113694136	20.5553189699823	-1.50176655933609	0.493683338521211	-3.04196322248693	0.00235040610019432	0.0816881277056324	Down
LOC113709296	660.834420026864	0.546837027705082	0.179694963482674	3.04314053720158	0.00234122965760427	0.0816881277056324	Up
LOC113716968	1064.0448833746	-0.419192731284055	0.137812720385471	-3.04175645115738	0.00235202115117488	0.0816881277056324	Down
LOC140004159	570.142212361656	-0.449494935556566	0.147772117269123	-3.04181156677849	0.0023515905543852	0.0816881277056324	Down
LOC113719878	879.824438438053	0.644150782816176	0.21188543571524	3.04008994597379	0.00236507504752546	0.081899435732188	Up
LOC113690418	1677.61481962257	-0.416392833803319	0.136958768271092	-3.04027875732003	0.00236359274511432	0.081899435732188	Down
LOC140007857	985.902171692022	-0.616072081667003	0.202636140760253	-3.04028728219762	0.00236352583887879	0.081899435732188	Down
LOC113694935	373.420051170502	0.768119230882741	0.252706975435719	3.03956481437975	0.00236920217805266	0.0819618402165971	Up
LOC113713481	108.193367270898	0.652953003409749	0.214897363017557	3.03844120858943	0.00237805501243777	0.0820342165978993	Up
LOC140003662	240.996202709439	-0.441329054787369	0.145249844529956	-3.03841326794915	0.00237827554076515	0.0820342165978993	Down
LOC113697388	21.0527432827936	1.66906543411095	0.549242435934917	3.03885010499941	0.00237482983864328	0.0820342165978993	Up
LOC113739610	2257.254078672	0.445735490403455	0.146816385628241	3.03600642732153	0.00239734253952039	0.0826110647147338	Up
LOC113727806	2661.40106103937	-0.65122765908582	0.214554855692872	-3.03525015541029	0.00240336255760818	0.0827376336726596	Down
LOC113740382	480.452358554932	-0.431541882497021	0.142300365206173	-3.03261261397171	0.00242446615864215	0.0832395540548468	Down
LOC113693756	14488.4358457732	-1.00292745417151	0.330721603390934	-3.03254291188831	0.00242502615495086	0.0832395540548468	Down
LOC113707806	129.966792291565	-1.95924728312872	0.646049487165307	-3.03265821280251	0.00242409987528726	0.0832395540548468	Down
LOC140021573	119.201786360485	1.34733930207869	0.444362630745765	3.03207157590519	0.00242881604228758	0.0832885438936983	Up
LOC113736670	958.558068361201	0.490091336788271	0.161670974020026	3.03141203768317	0.00243412831383679	0.0833895931189257	Up
LOC113700452	141.338358648588	-3.54634827975292	1.17002001557564	-3.03101505319816	0.00243733096232941	0.0834182437709092	Down
LOC113741328	20.543271735391	-2.38525859981419	0.787164745030967	-3.0301898235043	0.00244400079701141	0.0835653890361264	Down
LOC113716172	214.215770003443	-1.02750219513303	0.339159680952216	-3.02955290041623	0.00244916007919459	0.0835796622572774	Down
LOC113698334	100.234663764278	0.956841679245527	0.315807329101743	3.02982733797563	0.00244693582575036	0.0835796622572774	Up
LOC113736201	339.967315826179	0.513015528704648	0.169360291325489	3.02913702314491	0.00245253419549593	0.0835852030999988	Up
LOC113708520	329.020151220346	1.05098645318264	0.346980620630172	3.02894856569765	0.00245406459799441	0.0835852030999988	Up
LOC113727342	399.780971775327	0.541675304208864	0.178907850760125	3.02767766706408	0.00246440799707778	0.0838564775221872	Up
LOC113693062	636.69645064398	0.48301507111375	0.159618699299327	3.02605567664706	0.00247766675015589	0.0842263339214035	Up
LOC113738058	1014.85242131935	-0.290233660707114	0.0959372584702669	-3.02524447055221	0.00248432230508185	0.0843712234091959	Down
LOC113726235	191.628236636072	-1.85340643316349	0.612713509860308	-3.02491523907485	0.00248702815401657	0.084381825298741	Down
LOC113693752	967.633217272992	-0.570729621622726	0.188712729674197	-3.02433027495317	0.00249184244059262	0.0844638747267029	Down
LOC113701676	2707.44550309177	-0.490651352903636	0.162308601018372	-3.02295349614958	0.00250320707187788	0.084767584724149	Down
LOC113726697	62.2118791220045	1.12989844777537	0.373857537213079	3.0222700769876	0.0025088659529261	0.0848722026562871	Up
LOC140036590	478.265475791446	-0.917183415438763	0.303531334967347	-3.02170916072778	0.00251351922084318	0.0848722026562871	Down
LOC113695066	406.701232008081	-0.498031593074456	0.164805845315244	-3.02192918049607	0.00251169303324889	0.0848722026562871	Down
LOC113703439	370.627636528901	0.692512866279092	0.22920770782282	3.02133323899566	0.00251664222208856	0.0848963364718335	Up
LOC140013603	645.64669549959	0.809287870198655	0.267953584976088	3.02025393790076	0.00252562834120202	0.0849279850062865	Up
LOC113732037	2953.4884968199	-0.405867752131973	0.134405748223874	-3.01972019422812	0.00253008305810979	0.0849279850062865	Down
LOC113691554	459.626190916217	0.647088546588402	0.214294573365329	3.01962171242315	0.00253090578920212	0.0849279850062865	Up
LOC113698171	463.015597586992	-1.21107604599857	0.400921188512816	-3.02073345260437	0.00252163234783062	0.0849279850062865	Down
LOC113703163	478.917071098974	0.385586626199932	0.127659185668202	3.02043777094198	0.00252409570067939	0.0849279850062865	Up
LOC113707421	5600.59276242699	0.371053860675804	0.122886409773362	3.01948654338696	0.00253203540910039	0.0849279850062865	Up
LOC113716347	723.125236821133	-0.361573057084141	0.119781332185983	-3.01860941505251	0.00253937686278147	0.0850124531498311	Down
LOC113743278	296.484527881306	-0.642417595734956	0.212802614105444	-3.01884259474668	0.00253742328061577	0.0850124531498311	Down
LOC140014329	853.206263832337	0.780661361337342	0.258689459960247	3.01775480708532	0.00254654854403959	0.0850909282222595	Up
LOC113717264	2459.8943386161	-0.475302259214671	0.15749482707887	-3.01789124144789	0.00254540237582755	0.0850909282222595	Down
LOC113702478	35.6803738379254	2.65080782524997	0.878598653069816	3.01708614734165	0.00255217270040051	0.0851980985175367	Up
LOC113692515	225.548113685497	0.71450805380361	0.2368581288197	3.01660769408301	0.00255620398295136	0.0852442528337734	Up
LOC113699448	39.2656823113712	-1.22896865237329	0.407435915909726	-3.01634834923484	0.00255839156638297	0.0852442528337734	Down
LOC113730346	1387.15496067833	-0.395282138737456	0.131079765439876	-3.01558472744418	0.00256484269046592	0.0853304771084754	Down
LOC113742088	1575.26315040228	-0.448488469926207	0.148743358600487	-3.01518315940957	0.00256824112708761	0.0853304771084754	Down
LOC113741902	24.5780250875562	-2.29603772171108	0.761422109772694	-3.01545974596996	0.00256589995716564	0.0853304771084754	Down
LOC113710331	458.842406592753	0.352506468658798	0.11695967815147	3.01391448942156	0.00257900484751395	0.085526885121883	Up
LOC113711077	2685.98832720422	0.989086893312674	0.328170589583208	3.01394129976382	0.00257877695571099	0.085526885121883	Up
LOC113735324	1637.27518189913	-0.551585624250047	0.183213126416937	-3.01062284693951	0.00260712462015185	0.0857230371538134	Down
LOC113731724	2003.41265459322	0.410240615034098	0.136264404388735	3.01062201001344	0.00260713180533261	0.0857230371538134	Up
LOC113738781	220.739999784518	-0.795038060589174	0.264057404116108	-3.01085312585891	0.00260514831637431	0.0857230371538134	Down
LOC113689772	2996.72251209503	0.523605427756078	0.173911655980965	3.0107552297322	0.00260598831479868	0.0857230371538134	Up
LOC140009553	580.728640468274	-0.421267660927013	0.139937984520525	-3.01038822568738	0.00260913960040343	0.0857230371538134	Down
LOC113698654	6830.33769119796	-0.414443308259846	0.137582661343649	-3.01232222296286	0.00259257241379925	0.0857230371538134	Down
LOC113707363	473.790912037603	-0.477645223725269	0.158666253211523	-3.01037690156145	0.00260923689056059	0.0857230371538134	Down
LOC113704409	106.917827833538	0.949866506605232	0.315342523552464	3.01217386067884	0.00259383991406945	0.0857230371538134	Up
LOC113706379	1294.96941330694	0.532727857337442	0.176849153753175	3.01232912927003	0.00259251342509252	0.0857230371538134	Up
LOC113707633	833.658453928835	0.806773387128634	0.26795045715862	3.01090505940448	0.00260470280071179	0.0857230371538134	Up
LOC113727208	542.935561193039	0.672254941270124	0.223335572318535	3.01006657511465	0.00261190432204977	0.0857307738928291	Up
LOC113694021	1164.85319553467	-0.540134403228533	0.179468860888858	-3.00962741142615	0.00261568344311812	0.0857749513830696	Down
LOC113732687	888.294548079772	-0.327674047810183	0.108918023240992	-3.00844651839824	0.00262587014998297	0.0859811589791594	Down
LOC113711886	90.1473951448928	1.63472221130362	0.543397993313159	3.00833317645605	0.0026268497736456	0.0859811589791594	Up
LOC113702794	683.76491633984	0.403700663971095	0.134211092331352	3.00795304589582	0.00263013771282877	0.0860089189727642	Up
LOC113702982	1424.8787355421	0.45056111841492	0.149829236124638	3.00716422287646	0.0026369726438076	0.0861525112507001	Up
LOC113696207	1627.255694303	-0.507719641110714	0.1688789358852	-3.00641189174623	0.00264350650576397	0.0862860105011031	Down
LOC140004003	3033.57569942074	0.38391099526432	0.12780660732983	3.00384309766993	0.00266592770851201	0.0869373576137514	Up
LOC113692821	893.8316232121	-0.375885819701816	0.125205328373695	-3.00215513656038	0.00268075522069024	0.0873137502090959	Down
LOC113697596	103.688755781302	0.828578244744726	0.276011890544808	3.00196575991429	0.00268242345048368	0.0873137502090959	Up
LOC140021024	558.908411136226	-0.620604610123955	0.20676258414728	-3.00153247108718	0.00268624388581293	0.0873574441537613	Down
LOC113705601	2384.19217606846	0.475890604975976	0.158670095865716	2.99924571406781	0.00270648939461974	0.0878537423012294	Up
LOC113714480	5850.92615605999	-0.541978121121671	0.180704399068485	-2.99925250251527	0.00270642908819865	0.0878537423012294	Down
LOC113713270	2005.18198570465	0.375434087917907	0.125257749020602	2.99729231008419	0.00272389391815248	0.0879769988524193	Up
LOC140003743	369.303507561262	0.513712997873057	0.17140927126408	2.99699656899894	0.00272653781958142	0.0879769988524193	Up
LOC113690528	1199.26689145875	-0.423752528744379	0.14138913130185	-2.99706579171008	0.0027259187640474	0.0879769988524193	Down
LOC113698071	504.486360674599	0.398081396508342	0.132819310624536	2.99716505556689	0.00272503127602685	0.0879769988524193	Up
LOC113709749	17.4210874982725	-2.67526370057957	0.892569971784926	-2.99725935797469	0.00272418839135166	0.0879769988524193	Down
LOC113709602	2803.94194068088	0.38174125405978	0.127372350673963	2.99704961115877	0.00272606345447503	0.0879769988524193	Up
LOC113711967	3926.51116924148	-0.993518822476642	0.331519889922296	-2.99686037754631	0.00272775614846517	0.0879769988524193	Down
LOC113734248	156.577447144175	1.0279332774249	0.343041778882172	2.99652503194945	0.00273075817248325	0.0879933154445883	Up
LOC113722450	2977.3216039132	0.319903833544331	0.106777222734973	2.99599320295445	0.00273552531175506	0.0880664276620909	Up
LOC113735256	1797.29467524348	0.323378717521803	0.107984020126043	2.99469048424335	0.00274723458961435	0.088362695030187	Up
LOC140016950	51.6887300140966	-2.41226675284055	0.805622639290869	-2.99428868454329	0.00275085532978263	0.0883984977989946	Down
LOC113731328	1561.91575260302	0.417757767692299	0.139559980952702	2.99339226646843	0.00275894894432874	0.0885016632590396	Up
LOC113697117	2023.65309338521	0.407276775612101	0.136059297929822	2.99337701876259	0.00275908680136402	0.0885016632590396	Up
LOC113730673	6536.6081742256	-1.09230678875335	0.36498147220167	-2.99277325548679	0.00276455058527452	0.0885341081888948	Down
LOC113732766	824.750454165574	0.614268418227977	0.205311875348859	2.99187963279881	0.00277265560650572	0.0885341081888948	Up
LOC113725532	127.396355960154	-0.93741991143093	0.313281520584867	-2.99226047447949	0.00276919878044367	0.0885341081888948	Down
LOC113734260	395.270191774988	0.631141824775202	0.210951322498226	2.99188370710741	0.00277261860394842	0.0885341081888948	Up
LOC140006595	136.480729568592	0.576007835471975	0.192511355952659	2.99207198776172	0.00277090914548713	0.0885341081888948	Up
LOC113734981	273.01033522699	0.889684927455838	0.297559395903385	2.9899406293482	0.00279031676196026	0.0887833819711489	Up
LOC113724243	69.253957752948	-1.5691877070256	0.524874959112502	-2.98964101788909	0.00279305487932611	0.0887833819711489	Down
LOC113730118	171.188058020379	-1.5517780225383	0.519045109349506	-2.98967853580793	0.00279271187269118	0.0887833819711489	Down
LOC140010398	53.7081341235174	1.12963452401316	0.377717916196971	2.99068292917321	0.00278354352030037	0.0887833819711489	Up
LOC113713859	13.6373780432476	4.30731068826612	1.44040055857489	2.99035616351587	0.00278652329702754	0.0887833819711489	Up
LOC113716593	3661.8405224006	0.572964500198225	0.1917799021879	2.98761493598455	0.00281163552571894	0.0892336394664551	Up
LOC113703887	1987.36840870754	-0.418992160468727	0.140246326446217	-2.98754463725228	0.00281228223780868	0.0892336394664551	Down
LOC113697242	3817.66885849181	0.425722818585258	0.142531466637806	2.9868689955116	0.00281850472366522	0.0893506551426675	Up
LOC113727576	1225.39000961054	0.452112142261933	0.151384157936003	2.9865221594261	0.00282170387556406	0.0893717026247838	Up
LOC113731973	459.02303872966	-0.532906213014242	0.178515075031041	-2.98521686709975	0.00283377339396369	0.0896534454729468	Down
LOC140005147	218.178771072264	-0.904030720419453	0.302877348596873	-2.98480795809762	0.00283756409811361	0.0896534454729468	Down
LOC113718713	41.6230399618314	1.8547061135511	0.62142013695982	2.98462505998742	0.00283926111436309	0.0896534454729468	Up
LOC140016891	383.992903407318	0.811499442178389	0.271908090051763	2.98446229394611	0.00284077211486672	0.0896534454729468	Up
LOC113716515	363.271632820279	0.598808536881358	0.200695862289931	2.98366159645236	0.00284821589816269	0.0897347665475161	Up
LOC113740237	240.365340937548	-1.12410366980746	0.376762847583067	-2.98358417508145	0.00284893659892412	0.0897347665475161	Down
LOC113714706	1749.6117953882	-0.398982547384853	0.13373578410362	-2.9833641763054	0.00285098543439289	0.0897347665475161	Down
LOC113741269	943.956866216622	0.462670835468691	0.155097953280849	2.98308794978677	0.00285355982036856	0.0897356742084144	Up
LOC113700051	397.986572837203	-0.938144767668392	0.314545470468415	-2.98254101790537	0.00285866339849253	0.0898160446734925	Down
LOC113695157	953.083232940658	0.52134060108837	0.174902361484714	2.98075221319372	0.00287541350046645	0.0902618670689611	Up
LOC113733847	170.35054294939	-1.25951422430269	0.422862180685158	-2.97854545010838	0.00289620072763234	0.0908335125004405	Down
LOC113688158	2710.35601761123	-0.568738290154003	0.19096975987114	-2.97815890085305	0.00289985602392553	0.0908673107159314	Down
LOC113732661	236.253373429137	0.641429613361625	0.215418828098153	2.97759308703214	0.00290521407937739	0.090873652818289	Up
LOC113740087	1016.17270396841	0.42196267610565	0.141701798745434	2.97782159324387	0.00290304912008756	0.090873652818289	Up
LOC113722725	53.4476361961518	-2.5500808539889	0.856920523297482	-2.97586623806842	0.00292162264513182	0.091008800946523	Down
LOC113734873	829.836937054222	0.37557909997578	0.126188781478429	2.97632717881488	0.00291723451845894	0.091008800946523	Up
LOC140004056	1840.40393568156	-0.348945757581711	0.117235988223134	-2.97643891496497	0.00291617170359562	0.091008800946523	Down
LOC113692653	1305.59678169778	-0.480819915699417	0.161577769433346	-2.97578012981399	0.00292244305774038	0.091008800946523	Down
LOC113694857	473.568546273639	-0.373230779961174	0.125403361505691	-2.97624222732049	0.00291804279887764	0.091008800946523	Down
LOC113694683	1299.92347234348	0.451294402065978	0.151686101289309	2.97518624468586	0.00292810713829007	0.0910243675828938	Up
LOC113709713	35.9467714235053	2.0481534389869	0.688372664198772	2.97535556757014	0.00292649122932618	0.0910243675828938	Up
LOC113735479	426.021146043565	0.368467652197018	0.123903609707256	2.9738250004789	0.00294112759641528	0.0911603115506165	Up
LOC113702237	292.649755891283	-1.22695449048081	0.412564157461227	-2.97397257684976	0.00293971346222782	0.0911603115506165	Down
LOC113714946	268.440257247378	-2.05388838512121	0.690696529931667	-2.9736480438441	0.00294282408216843	0.0911603115506165	Down
LOC113718838	1789.32858991218	-0.433803790144483	0.145849434366943	-2.97432617430024	0.00293632767800743	0.0911603115506165	Down
LOC113709495	190.250093578611	0.778051463712051	0.261699369161973	2.97307351639237	0.00294833824294827	0.0912509391926359	Up
LOC113734064	130.635607075928	0.71489525004849	0.240619791856092	2.97105755322093	0.0029677615854226	0.0915306486520713	Up
LOC113696135	367.36269117145	1.45895805286771	0.491044995787627	2.97112905208935	0.00296707071806731	0.0915306486520713	Up
LOC113712978	993.136335219571	-0.289329706877373	0.0973711317901104	-2.97141156273136	0.00296434235648991	0.0915306486520713	Down
LOC113715626	152.358494546162	-0.658769778663258	0.221690631455115	-2.97157247619928	0.00296278934957136	0.0915306486520713	Down
LOC113688567	16.3454012472565	1.65476814267084	0.557033987629114	2.97067715690739	0.0029714396839475	0.0915639787924103	Up
LOC113724097	1450.15084687381	0.477188285898279	0.160659065390293	2.97019209429006	0.0029761358468994	0.0916285946505657	Up
LOC113734694	111.080533356125	-1.31933543460886	0.44448199405305	-2.96825395012829	0.00299496776816246	0.0919674248808913	Down
LOC113704131	379.503251726649	-0.550087745840767	0.185316158223976	-2.96837443163441	0.00299379395172915	0.0919674248808913	Down
LOC113710357	4253.88858459259	-0.571133238932304	0.192382971136197	-2.96873073307498	0.00299032506544341	0.0919674248808913	Down
LOC113712475	164.781083980947	1.40802496858377	0.474479011914088	2.96751791592148	0.00300214785848113	0.0921076730262634	Up
LOC113727059	3875.26088201028	-0.832272919626877	0.280492526795574	-2.96718393582531	0.00300541104547682	0.0921276088479556	Down
LOC113716094	687.96014779976	-0.354238199347652	0.119403355460431	-2.96673571677844	0.00300979550106122	0.0921818514364987	Down
LOC140013040	100.816199375699	1.68278153298492	0.567291849121	2.96634181434536	0.00301365345054634	0.0922198884016141	Up
LOC140003784	422.162317608617	-1.11959825337802	0.377536008965155	-2.96554031083524	0.00302151744764694	0.0923803409058543	Down
LOC113704149	1465.4922209783	-0.392673113392047	0.132437617366244	-2.96496660994848	0.00302715783571387	0.0924725892760704	Down
LOC113727477	8924.41251325681	0.425094106229011	0.143454658924804	2.96326455630719	0.00304394827807371	0.092744394726581	Up
LOC113689757	1122.27121518187	0.610665006635143	0.206041723629116	2.96379294387173	0.00303872676380416	0.092744394726581	Up
LOC113693614	1609.50668471585	-0.482445069694078	0.162794833291181	-2.96351585575912	0.00304146392280963	0.092744394726581	Down
LOC113742148	796.887536973204	-0.586679440549524	0.198014263363765	-2.96281404472241	0.00304840668520616	0.0928000280370359	Down
LOC140004420	50.8293938028751	-2.69456319489796	0.910161180758893	-2.96053408106379	0.0030710614112569	0.0931544965344802	Down
LOC113688879	513.020371127734	-0.36464202105179	0.123173755529072	-2.9603872958613	0.00307252518114215	0.0931544965344802	Down
LOC113696075	932.924913605971	-0.456294418159946	0.154135235721172	-2.96035112299289	0.00307288600154842	0.0931544965344802	Down
LOC113715802	188.257361904709	-1.51116350130373	0.510332787237812	-2.96113347818183	0.00306509070766445	0.0931544965344802	Down
LOC113719213	1071.60739807079	-0.368417727599796	0.124452276008863	-2.96031329771388	0.00307326334589812	0.0931544965344802	Down
LOC113707963	108.966170519899	0.789828402016579	0.266940048568469	2.95882317491222	0.0030881624503208	0.0935256896037019	Up
LOC113732723	448.837689141485	-0.54310905093063	0.183599953743823	-2.95811104445282	0.00309530597363318	0.0935812402937539	Down
LOC113692306	2867.38582418322	0.478663102887229	0.161812533110312	2.95813367287757	0.00309507875178837	0.0935812402937539	Up
LOC140010119	1896.91124297715	-0.420482800038402	0.14225728581493	-2.95579096444614	0.00311868379369942	0.0940312057138857	Down
LOC113727022	333.385307135663	0.52485262240513	0.177577111815038	2.95563215912538	0.00312028983493567	0.0940312057138857	Up
LOC140010369	434.569198007895	0.381282932556822	0.128987244714283	2.95597392906092	0.00311683435736063	0.0940312057138857	Up
LOC113718016	1745.48961371024	0.449788504671597	0.15218303152964	2.95557592821374	0.00312085869412363	0.0940312057138857	Up
LOC113695393	1239.53242989332	-0.378411098215603	0.128078150344545	-2.95453281607858	0.00313142848260129	0.0942691006564138	Down
LOC113732630	606.144753882745	-1.02162833260305	0.345901524578224	-2.9535236476589	0.00314168537082523	0.0944166178110238	Down
LOC113687711	126.431541540881	-1.4574567925861	0.493434441459101	-2.95369895193443	0.00313990143513831	0.0944166178110238	Down
LOC113716722	829.069951405207	-0.341205236397263	0.115554573416192	-2.95276271903446	0.00314943946562123	0.0945690289966606	Down
LOC113734467	278.989712513111	0.654916996671783	0.22183130585993	2.95231998086561	0.00315395912690198	0.0946241422481264	Up
LOC140006254	81.6319809123786	-2.10350022969564	0.712600290244912	-2.95186552474275	0.00315860455844482	0.0946482832872828	Down
LOC113715631	225.254893134216	-0.434321413863898	0.147142002441784	-2.95171607465201	0.00316013359324668	0.0946482832872828	Down
LOC113736472	1049.07462414471	0.469523183957772	0.159088111993403	2.95134047462479	0.00316397936359852	0.0946830225174661	Up
LOC113714532	548.854199271243	0.983636783104641	0.333315987615317	2.95106391428144	0.00316681379261786	0.0946874637975951	Up
LOC140004100	1516.64646564972	-0.507948125389036	0.172176987013295	-2.95015108697316	0.0031761856688898	0.0948872010166976	Down
LOC113699196	272.178914460046	-0.510534054423033	0.173078683354332	-2.94972231431788	0.00318059654032734	0.0949385175610665	Down
LOC113732654	276.637180940423	-0.841631043067177	0.285418913250574	-2.94875708649446	0.00319054647216726	0.0950860959791311	Down
LOC113732850	1169.91882533821	0.617047956831873	0.209268519121184	2.94859427219701	0.00319222761664249	0.0950860959791311	Up
LOC113741904	214.646986667552	0.733798313224822	0.248875259045574	2.94845825992872	0.00319363263472402	0.0950860959791311	Up
LOC113700196	1930.28724073837	-0.581828720818993	0.197350677139134	-2.94819723577031	0.00319633061481571	0.095086115471294	Down
LOC113689834	2370.16532021651	0.433374945207366	0.147057159965609	2.94698296437055	0.00320890881190784	0.0951391534376578	Up
LOC113702412	1305.25624566203	0.40178823145189	0.136325124024071	2.94727941256776	0.00320583385759561	0.0951391534376578	Up
LOC113702890	2718.18742142913	0.228163822582016	0.0774046056280517	2.94767760562465	0.00320170776493311	0.0951391534376578	Up
LOC113716577	13.1146147184619	-5.29035003544796	1.79501873820148	-2.94723944817903	0.00320624823767861	0.0951391534376578	Down
LOC113727437	1125.84462167166	-0.354937833409645	0.120488493316239	-2.94582348604908	0.00322096151014473	0.0953361336319246	Down
LOC113706844	586.638324606657	-0.672294107500417	0.228203703201175	-2.94602628296418	0.0032188504779747	0.0953361336319246	Down
LOC113701087	266.528937019305	-0.89809649922154	0.304913208443124	-2.9454168410978	0.00322519831780503	0.0953419982328026	Down
LOC113704395	298.101189989247	-0.738038617029205	0.250597077070851	-2.94512061216316	0.00322828790448859	0.0953419982328026	Down
LOC113711090	1239.46923501241	0.383174616004982	0.130109069638649	2.94502617741538	0.00322927339980615	0.0953419982328026	Up
LOC113727727	1834.94772004428	-0.561070986605043	0.190608808622395	-2.94357323074481	0.00324447054977325	0.0954314035247153	Down
LOC113727501	33.0774680234713	1.36706986757894	0.464394613589349	2.94376770870086	0.00324243263001262	0.0954314035247153	Up
LOC113730899	114.21658263937	-0.867431459149562	0.294699607270491	-2.9434428745383	0.0032458371957941	0.0954314035247153	Down
LOC113733232	901.106254687919	-0.506664718783226	0.172079307990474	-2.944367482064	0.00323615499314339	0.0954314035247153	Down
LOC113722902	6632.13100979849	0.401240489515562	0.136292803987582	2.94395945916647	0.00324042443336895	0.0954314035247153	Up
LOC113734610	266.291866293745	-1.10139470458175	0.374254698274271	-2.94290147768458	0.00325151877985379	0.0955187833561716	Down
LOC113698978	1252.43935947814	-0.491510953237499	0.167032494342112	-2.94260679739833	0.00325461505155684	0.09553013305369	Down
LOC113737818	29.2860798909212	-3.04948662770573	1.03673847679911	-2.94142321901749	0.0032670782552021	0.0957880560390334	Down
LOC113689677	1805.45981927852	0.549236904526308	0.186751804356027	2.9409991856316	0.00327155393937922	0.0957880560390334	Up
LOC113707979	571.02131059909	0.802162253379994	0.27273998601135	2.94112449410558	0.00327023072386689	0.0957880560390334	Up
LOC113728013	538.421102722353	0.425535490776692	0.144715262271582	2.94050181091546	0.00327681086134399	0.0958598742078087	Up
LOC113706957	907.00348005144	-0.499097938637642	0.169746606308979	-2.94025282443153	0.00327944537315946	0.0958598742078087	Down
LOC113704210	835.861755865252	0.671904636710147	0.228597691188446	2.93924506943623	0.00329012809221244	0.0960924569235069	Up
LOC140015385	873.462575462232	-1.35139050651431	0.459918523696896	-2.93832589227245	0.00329989947263056	0.0962980597758051	Down
LOC113694893	518.192919310545	0.508376867869854	0.173083792292229	2.93717199708408	0.00331220345842232	0.0964973523275235	Up
LOC113706433	602.069463305308	0.521254783600524	0.177466065773456	2.93720819993795	0.0033118167932846	0.0964973523275235	Up
LOC113692604	4973.81693381833	0.445567120438793	0.151763707797027	2.93592669094976	0.00332552902893996	0.0968055733511079	Up
LOC113725917	1739.81502148429	0.4757278420642	0.162051924020666	2.93565068689671	0.00332848905066876	0.0968117953912335	Up
LOC113688133	1030.60986346117	-0.763675099677753	0.260185347480714	-2.93511954870695	0.00333419202626885	0.0968977224320112	Down
LOC140035283	1065.38778893885	0.576726100269905	0.196572320682179	2.93391306705059	0.00334717942825113	0.0970750748634834	Up
LOC140008283	6128.50977303242	0.451134741067618	0.153772233332802	2.93378545196289	0.00334855585595132	0.0970750748634834	Up
LOC113719569	1208.4831871734	0.834273955413816	0.284337065685251	2.93410200813327	0.0033451424982398	0.0970750748634834	Up
LOC113706455	222.84602373784	0.738183451841774	0.25166655588879	2.93318056996009	0.00335508699184254	0.0971844918951794	Up
LOC113722909	7290.52538904387	-0.315335492852517	0.107529747595888	-2.93254192353908	0.00336199528225678	0.0973046450657767	Down
LOC113724868	342.484987605477	-0.606440335433181	0.206870933622895	-2.93149126758746	0.00337338850067005	0.0973981305731486	Down
LOC113697115	1920.35774509167	-0.592557174842586	0.202135861064729	-2.93147970736788	0.00337351405394912	0.0973981305731486	Down
LOC113700188	260.403350039961	0.833076955845889	0.284168150984743	2.93163379836545	0.00337184085140945	0.0973981305731486	Up
LOC140013540	2397.07831735766	0.369445484904502	0.126054316761329	2.93084357915335	0.0033804294803341	0.0974501826532762	Up
LOC113733889	248.936106013263	0.650333941189355	0.221895987060086	2.93080532823361	0.00338084572180179	0.0974501826532762	Up
LOC113711849	51.0691950354494	-1.5499481216352	0.528982773795829	-2.93005405547182	0.00338903043786473	0.0976062916630781	Down
LOC140004049	914.523577599045	-0.532023870844643	0.181605687626543	-2.92955511359702	0.00339447610831315	0.097683323894086	Down
LOC140035189	561.361660343429	-0.341652083263339	0.116726620572814	-2.9269422997663	0.00342312382013925	0.0979573239154619	Down
LOC113727689	1135.2464170006	0.620635886246875	0.212070853332087	2.92654967193915	0.00342744768575919	0.0979573239154619	Up
LOC113730926	1155.03191334581	-0.465200061395691	0.15890698952387	-2.92749905331138	0.00341700101116403	0.0979573239154619	Down
LOC113739655	3712.07329124183	-0.634210936531183	0.216638688678926	-2.92750542573274	0.00341693098921426	0.0979573239154619	Down
LOC113738743	1472.65727954765	-0.51162255555347	0.174844578331217	-2.92615624937639	0.00343178528978768	0.0979573239154619	Down
LOC113743461	1100.64496120694	0.335508760517204	0.114607121669087	2.92746869156998	0.0034173346524175	0.0979573239154619	Up
LOC113697394	3627.5321985504	-0.702628958892071	0.24010716814137	-2.92631396359803	0.00343004584256003	0.0979573239154619	Down
LOC113699218	912.499253773037	0.429347125514897	0.14664073586642	2.92788441750595	0.00341276886982167	0.0979573239154619	Up
LOC113697744	31.8854101098359	-3.27473288607461	1.11893482407382	-2.92665204051113	0.0034263198594996	0.0979573239154619	Down
LOC140014768	172.389275457603	-0.638998501576615	0.218326412651651	-2.92680346741264	0.00342465216190062	0.0979573239154619	Down
LOC113710200	1448.6024017562	0.448021487457893	0.153127394583447	2.92580885789017	0.00343561954067382	0.0979874272231662	Up
LOC113728212	300.585002694002	-0.710721605679098	0.242972388076953	-2.92511264882494	0.0034433155235366	0.0981275334160971	Down
LOC113730371	1133.98290298681	-0.36087047015577	0.123398786936519	-2.92442477851437	0.00345093473666327	0.0982652272510932	Down
LOC113726033	2617.92426888622	-0.477970337520427	0.163508832311748	-2.92320806627206	0.00346444926788955	0.0984909399932601	Down
LOC113691874	538.384842934302	0.44832982418153	0.153356467312579	2.92344908589816	0.0034617683424451	0.0984909399932601	Up
LOC140011188	334.978827695013	0.54177463502374	0.185404463825983	2.92212292974908	0.00347654295144935	0.0986920834117022	Up
LOC140012869	8797.44135772071	-0.385341361182058	0.131872693857498	-2.9220708996698	0.00347712378297215	0.0986920834117022	Down
LOC113706317	1054.43374744521	0.451416174096532	0.154540426772454	2.92102321395293	0.00348883830558242	0.098944913876421	Up
LOC113703681	1826.02986609366	-0.747963793512428	0.256126950089564	-2.92028540241812	0.00349710956217423	0.0990997638953102	Down
LOC113707782	186.332920010411	0.708807457753291	0.242748431189178	2.91992600850592	0.00350114501717033	0.0991344290323603	Up
LOC113735232	3505.01522899692	0.478418966835499	0.163879316479581	2.91933708971205	0.00350776685446089	0.0991626280300362	Up
LOC113708590	845.694898498675	0.761627081203388	0.26089019371313	2.91933962853682	0.00350773828332466	0.0991626280300362	Up
LOC113737773	2259.57452996069	-1.43231577739993	0.490870579528844	-2.91790919466944	0.00352386952940242	0.0993025826411335	Down
LOC140006088	420.283738763177	-0.989742066482007	0.339142070928321	-2.91837006176445	0.00351866489753289	0.0993025826411335	Down
LOC113689080	2642.6234022234	-0.338472375010398	0.115981843775144	-2.91832207519135	0.00351920648971347	0.0993025826411335	Down
LOC113701410	260.729219457809	0.559723132382133	0.191824029015733	2.91789894756213	0.00352398533087649	0.0993025826411335	Up
LOC140008458	2665.48340310259	0.360149856849275	0.123439417954997	2.917624392725	0.00352708933552846	0.0993106655399754	Up
LOC140004016	444.309135701989	-1.3867455777233	0.475379551942558	-2.91713341908924	0.00353264628506865	0.099387746880479	Down
LOC113736257	282.429582211867	-0.938701496868482	0.321949832204109	-2.91567630410618	0.00354918517170143	0.0997734255764104	Down
LOC113732421	4394.19323654126	-1.49043419599923	0.511381958273745	-2.9145224462561	0.00356233190275992	0.0999835384045323	Down
LOC113694958	837.80279562328	1.27463532371855	0.437314806717441	2.91468595194884	0.00356046627491088	0.0999835384045323	Up
